"fullName","description","isFork","createdAgo","pushedAgo","stars","watchers","forks","issues","pullRequests","releases","topics","mentionable","assignable","usersStars","leftShare","rightShare","relevance","T1W","T2W","T1M","T3M","T6M","T1Y","T2Y","T5Y","TI","T-48","T-47","T-46","T-45","T-44","T-43","T-42","T-41","T-40","T-39","T-38","T-37","T-36","T-35","T-34","T-33","T-32","T-31","T-30","T-29","T-28","T-27","T-26","T-25","T-24","T-23","T-22","T-21","T-20","T-19","T-18","T-17","T-16","T-15","T-14","T-13","T-12","T-11","T-10","T-9","T-8","T-7","T-6","T-5","T-4","T-3","T-2","T-1","T0"
"temporalio/temporal","Temporal service and CLI",false,509,0,1589,50,121,367,979,44,"workflows, workflow-engine, workflow-automation, workflow-management, workflow-management-system, distributed-systems, golang, service-bus, service-fabric, microservices-architecture, microservice-framework, microservice-orchestration",50,21,536,100,100,100,4.14,4.36,3.78,4.28,6.78,4.28,,,3.12,0,0,0,0,0,0,0,0,0,0,0,0,0,0,0,0,0,0,0,0,0,0,0,0,0,0,0,0,0,0,0,0,2,2,3,8,21,33,113,163,210,262,346,401,884,1191,1335,1468,1584
"temporalio/sdk-java","Temporal Java SDK",false,508.2,0.1,27,11,30,105,276,17,"workflow-engine, workflow-automation, workflow-tool, java, open-source, java-sdk",29,21,9,1.68,98.82,25.4,,,,0.05,0.09,,,,0.07,0,0,0,0,0,0,0,0,0,0,0,0,0,0,0,0,0,0,0,0,0,0,0,0,0,0,0,0,0,0,0,0,0,0,0,0,0,4,5,6,9,10,10,11,20,21,23,26,28
"temporalio/helm-charts","Temporal Helm charts",false,353.9,14.2,37,8,39,31,113,19,"helm-chart, temporal-services",24,21,10,1.87,80.12,22.88,,,0.03,0.15,0.15,,,,0.11,0,0,0,0,0,0,0,0,0,0,0,0,0,0,0,0,0,0,0,0,0,0,0,0,0,0,0,0,0,0,0,0,0,0,0,0,0,0,3,4,7,8,10,11,16,23,28,35,40
"temporalio/sdk-go","Temporal Go SDK",false,508.2,6.2,62,16,29,98,281,47,"golang, open-source, workflow-engine, workflow-automation, workflow-management-system, service-bus, sdk-go",35,21,14,2.61,66.94,22.7,0.29,0.29,0.16,0.14,0.18,0.15,,,0.12,0,0,0,0,0,0,0,0,0,0,0,0,0,0,0,0,0,0,0,0,0,0,0,0,0,0,0,0,0,0,0,0,1,1,2,2,6,9,12,20,22,26,30,32,43,48,53,56,63
"temporalio/api","Temporal gRPC API and proto files",false,497.1,7,18,15,18,0,103,20,"grpc, protobuf, api",21,21,5,0.93,82.35,18.49,,,,0.01,0.03,0.04,,,0.04,0,0,0,0,0,0,0,0,0,0,0,0,0,0,0,0,0,0,0,0,0,0,0,0,0,0,0,0,0,0,0,0,0,1,2,2,3,4,7,8,10,11,11,12,14,16,17,17,18
"temporalio/samples-go","Temporal Go SDK samples",false,508.2,5.9,44,13,23,12,73,11,"",18,21,9,1.68,60.64,18.35,,,0.03,0.09,0.15,0.11,,,0.09,0,0,0,0,0,0,0,0,0,0,0,0,0,0,0,0,0,0,0,0,0,0,0,0,0,0,0,0,0,0,0,0,0,1,2,2,2,3,5,7,9,12,16,19,29,35,41,43,45
"temporalio/sdk-core","Core Temporal SDK that can be used as a base for language specific Temporal SDKs",false,55,0,14,7,5,2,62,0,"temporal, rust, rust-sdk, workflow-engine, workflow-tool, workflow-automation, rust-lang",14,21,4,0.75,84.7,17.49,,0.29,0.33,,,,,,0.28,0,0,0,0,0,0,0,0,0,0,0,0,0,0,0,0,0,0,0,0,0,0,0,0,0,0,0,0,0,0,0,0,0,0,0,0,0,0,0,0,0,0,0,0,0,0,0,3,17
"temporalio/snipsync",,false,200.1,33.3,16,8,0,0,26,0,"",15,21,4,0.75,74.11,16,0.14,0.07,0.1,0.05,,,,,0.08,0,0,0,0,0,0,0,0,0,0,0,0,0,0,0,0,0,0,0,0,0,0,0,0,0,0,0,0,0,0,0,0,0,0,0,0,0,0,0,0,0,0,0,3,7,10,11,12,16
"temporalio/proposals","Temporal proposals",false,307.2,31,20,13,7,11,6,0,"",16,21,4,0.75,59.29,13.79,0.29,0.14,0.1,0.1,0.06,,,,0.06,0,0,0,0,0,0,0,0,0,0,0,0,0,0,0,0,0,0,0,0,0,0,0,0,0,0,0,0,0,0,0,0,0,0,0,0,0,0,2,5,6,6,9,10,10,11,15,17,21
"coinbase/cadence-ruby","Ruby SDK for Cadence",false,388.2,0.3,17,6,5,1,40,1,"",18,14,3,0.56,52.32,11.53,,,,,0.02,,,,0.06,0,0,0,0,0,0,0,0,0,0,0,0,0,0,0,0,0,0,0,0,0,0,0,0,0,0,0,0,0,0,0,0,0,0,0,0,0,0,0,6,8,10,12,15,16,16,17,17,18
"temporalio/samples-java","Temporal Java SDK samples",false,508.2,7.1,18,9,20,3,74,5,"java, workflow-engine, workflow-au",16,21,3,0.56,49.41,11.1,,,,0.01,0.07,,,,0.05,0,0,0,0,0,0,0,0,0,0,0,0,0,0,0,0,0,0,0,0,0,0,0,0,0,0,0,0,0,0,0,0,0,0,0,0,0,1,2,2,3,4,4,5,13,16,19,22,26
"temporalio/web","Temporal Web UI",false,508.2,0.2,29,11,17,59,215,25,"",21,21,4,0.75,40.89,10.77,,,0.07,0.05,0.12,,,,0.08,0,0,0,0,0,0,0,0,0,0,0,0,0,0,0,0,0,0,0,0,0,0,0,0,0,0,0,0,0,0,0,0,0,0,0,0,0,2,5,5,6,6,7,11,19,24,26,27,30
"nforgeio/neonKUBE","Projects for neonFORGE, LLC.",false,1379.3,1.1,35,10,8,1137,11,86,"",6,5,4,0.75,33.88,9.5,,,0.03,0.02,0.05,0.06,0.05,,0.05,0,0,0,0,0,0,0,0,0,0,0,0,0,0,0,0,0,0,0,0,0,0,0,0,2,3,4,4,5,5,6,6,7,9,9,10,12,13,16,19,21,22,25,27,29,32,33,34,36
"uber/cadence-java-client","Java framework for Cadence Workflow Service",false,1183.2,3,84,26,72,188,404,30,"cadence, cadence-client, uber, workflow-engine, workflow-management-system, workflow-scheduler, task-management-system, task-management, task-queue, task-scheduler, aws-swf",116,5469,6,1.12,21.18,7.95,,0.07,0.03,0.04,0.05,0.06,0.08,,0.07,0,0,0,0,0,0,0,0,0,0,1,2,4,5,5,7,8,8,10,14,15,16,21,23,27,29,39,41,42,45,49,50,51,55,57,61,63,65,67,70,72,73,74,75,78,79,80,82,84
"coinbase/temporal-ruby","Ruby SDK for Temporal",false,278.1,3.1,33,7,12,4,43,0,"",19,14,3,0.56,26.95,7.41,,0.14,0.13,0.11,0.14,,,,0.12,0,0,0,0,0,0,0,0,0,0,0,0,0,0,0,0,0,0,0,0,0,0,0,0,0,0,0,0,0,0,0,0,0,0,0,0,0,0,0,0,6,7,7,8,19,22,26,28,33
"uber/cadence","Cadence is a distributed, scalable, durable, and highly available orchestration engine to execute asynchronous long-running business logic in a scalable and resilient way.",false,1476.3,0,4734,1593,467,1267,2773,56,"uber, cadence, workflows, orchestration-engine, workflow-automation, distributed-systems, service-bus, service-fabric, services-platform, golang, java",164,5468,82,15.3,5.14,7.39,3.57,3.64,2.89,2.89,3.53,3.59,5.49,,3.42,0,0,0,12,45,57,73,90,119,137,158,190,221,243,295,337,371,414,452,484,526,582,618,661,721,786,1828,1933,2014,2113,2194,2815,2957,3093,3192,3315,3421,3508,3622,3755,3865,3961,4086,4184,4336,4467,4545,4643,4731
"firdaus/cadence-python","Python framework for Cadence Workflow Service",false,680.5,29.5,100,9,24,10,16,0,"python, workflow, cadence, orchestration, fault-oblivious, microservices",8,1,6,1.12,17.79,7.08,,,0.03,0.08,0.08,0.16,,,0.15,0,0,0,0,0,0,0,0,0,0,0,0,0,0,0,0,0,0,0,0,0,0,0,0,0,0,4,7,8,10,12,19,24,29,32,36,41,48,56,63,69,78,85,90,91,93,96,98,102
"uber/cadence-web","Web UI for visualizing workflows on Cadence",false,1192.9,6.9,259,1025,65,85,176,35,"cadence, workflows, uber, vuejs2, stylus, webpack, mocha",92,5467,11,2.05,12.59,6.88,0.14,0.29,0.3,0.24,0.27,0.25,0.29,,0.22,0,0,0,0,0,0,0,0,0,0,0,11,13,16,18,19,21,25,26,28,31,35,37,41,47,51,84,89,95,99,105,126,133,139,146,158,167,177,184,188,195,200,209,217,230,237,242,250,260
"firdaus/temporal-python-sdk",,false,237.3,1.2,37,6,2,0,1,0,"",2,2,3,0.56,24.04,6.86,,0.07,0.2,0.28,,,,,0.34,0,0,0,0,0,0,0,0,0,0,0,0,0,0,0,0,0,0,0,0,0,0,0,0,0,0,0,0,0,0,0,0,0,0,0,0,0,0,0,0,0,0,0,0,0,11,22,30,40
"uber-common/cadence-samples",,false,1357.9,6.9,114,718,55,9,28,0,"",28,5367,6,1.12,15.6,6.48,,0.14,0.16,0.1,0.07,0.08,0.12,,0.08,0,0,0,0,2,2,3,3,4,7,8,8,12,13,16,17,19,21,22,23,24,24,25,26,28,29,42,45,47,53,58,66,69,74,79,82,85,87,89,93,95,96,100,101,103,104,105,109,115
"shipyard-run/shipyard","Modern cloud native development environments",false,466.5,0.2,84,5,12,60,38,87,"developer-tools, go, kubernetes, docker",7,4,4,0.75,14.12,5.3,0.14,0.29,0.13,0.13,0.18,0.19,,,0.2,0,0,0,0,0,0,0,0,0,0,0,0,0,0,0,0,0,0,0,0,0,0,0,0,0,0,0,0,0,0,0,0,0,0,0,8,12,18,25,31,39,46,50,60,69,71,77,79,84
"temporalio/sdk-php","Temporal PHP SDK",false,179,3.4,64,14,1,9,83,8,"temporal, php, roadrunner",17,24,3,0.56,13.9,4.76,,0.14,0.72,0.52,,,,,0.34,0,0,0,0,0,0,0,0,0,0,0,0,0,0,0,0,0,0,0,0,0,0,0,0,0,0,0,0,0,0,0,0,0,0,0,0,0,0,0,0,0,0,0,3,8,15,19,39,63
"infiniticio/infinitic","Infinitic is a general-purpose framework to build distributed apps. It shines particularly by making complex orchestration simple. It can be used to reliably orchestrate microservices, manage distributed transactions, operates data pipelines, builds user-facing automation, etc. ",false,187.6,2.2,76,5,5,18,58,5,"workflow, orchestration, microservice, automation, orchestrate-microservices, workflow-engine, pulsar, workflows",2,2,3,0.56,11.7,4.25,0.14,0.07,0.53,0.32,,,,,0.49,0,0,0,0,0,0,0,0,0,0,0,0,0,0,0,0,0,0,0,0,0,0,0,0,0,0,0,0,0,0,0,0,0,0,0,0,0,0,0,0,0,0,0,2,9,47,49,59,76
"dgraph-io/travel","Starter Kit For Building Graph Database Go and Browser Apps Using Dgraph",false,356.1,1.1,85,14,13,3,32,0,"",13,9,3,0.56,10.46,3.94,,0.07,0.1,0.14,0.18,,,,0.28,0,0,0,0,0,0,0,0,0,0,0,0,0,0,0,0,0,0,0,0,0,0,0,0,0,0,0,0,0,0,0,0,0,0,0,0,0,0,0,36,41,47,51,52,53,71,78,81,86
"uber-go/cadence-client","Framework for authoring workflows and activities running on top of the Cadence orchestration engine.",false,1461.5,3,212,25,93,388,675,44,"golang, cadence, authoring-workflows, orchestration-engine, workflow-functions, task-management, task-queue, aws-swf",60,53,5,0.93,6.99,3.57,,0.07,0.07,0.12,0.1,0.16,0.19,,0.15,0,0,1,3,7,10,11,15,16,20,21,21,26,31,40,45,48,52,54,55,58,60,64,69,72,75,95,99,103,112,115,127,133,141,143,151,154,157,162,172,175,179,192,193,197,201,205,209,213
"seatgeek/nomad-helper","Useful tools for working with @hashicorp Nomad at scale",false,1354.2,5.4,102,14,15,7,47,18,"hashicorp, hashicorp-nomad, nomad",33,28,3,0.56,8.72,3.49,,0.21,0.16,0.08,0.07,0.07,0.08,,0.07,0,0,0,0,2,7,10,10,11,11,13,13,13,14,14,15,18,23,24,26,33,38,40,43,45,47,49,53,57,60,63,65,66,68,69,72,77,79,81,83,86,88,89,90,91,94,96,97,103
"mihanovak1024/programmers-guide-slovenia","Basic guide for new programmers in Slovenia  ðŸ‡¸ðŸ‡®",false,527.6,3.5,119,15,14,10,18,0,"",13,1,3,0.56,7.47,3.15,3.57,1.79,0.85,0.41,0.22,0.12,,,0.22,0,0,0,0,0,0,0,0,0,0,0,0,0,0,0,0,0,0,0,0,0,0,0,0,0,0,0,0,0,0,0,50,68,70,71,72,73,74,76,76,77,77,78,79,80,82,92,93,125
"hashicorp/nomad-autoscaler","Nomad Autoscaler brings autoscaling to your Nomad workloads.",false,409,5.1,193,25,35,149,265,9,"",71,60,4,0.75,6.14,3.04,0.86,0.79,0.46,0.37,0.35,,,,0.55,0,0,0,0,0,0,0,0,0,0,0,0,0,0,0,0,0,0,0,0,0,0,0,0,0,0,0,0,0,0,0,0,0,0,0,0,0,53,79,93,109,121,129,140,151,158,165,178,193
"hydro-project/cloudburst","A stateful serverless platform",false,584.9,31,149,18,33,17,40,0,"",7,5,3,0.56,5.97,2.71,,,0.56,0.24,0.28,0.28,,,0.26,0,0,0,0,0,0,0,0,0,0,0,0,0,0,0,0,0,0,0,0,0,0,0,0,0,0,0,0,0,0,3,6,8,12,14,27,48,52,70,77,86,88,97,111,120,127,128,132,151
"rancher/terraform-controller","Use K8s to Run Terraform",false,824.2,40,252,21,38,33,45,5,"",49,180,4,0.75,4.71,2.55,,0.14,0.23,0.2,0.19,0.22,0.28,,0.33,0,0,0,0,0,0,0,0,0,0,0,0,0,0,0,0,0,0,0,0,0,0,0,0,43,62,70,84,92,103,112,120,137,145,154,161,170,180,185,194,201,209,218,223,227,233,237,244,255
"wave-k8s/wave","Kubernetes configuration tracking controller",false,871.5,5.4,395,17,46,26,71,7,"cloud-infrastructure, kubernetes",15,3,5,0.93,3.75,2.36,0.29,0.36,0.23,0.19,0.24,0.27,0.46,,0.46,0,0,0,0,0,0,0,0,0,0,0,0,0,0,0,0,0,0,0,0,1,18,34,41,61,71,81,154,175,188,205,214,231,244,251,277,295,303,314,321,336,345,350,361,370,377,383,387,395
"theycallmemac/odin","A programmable, observable and distributed job orchestration system.",false,296.1,3,402,6,18,26,35,1,"go, golang, python, nodejs, typescript, job-scheduler, distributed-systems, raft, cron, observability, odin, scheduling, distributed, workflow-engine, workflow-automation, workflows, workflow-management, orchestration, automation, productivity",6,3,5,0.93,3.69,2.33,,0.07,0.23,0.16,0.18,,,,1.38,0,0,0,0,0,0,0,0,0,0,0,0,0,0,0,0,0,0,0,0,0,0,0,0,0,0,0,0,0,0,0,0,0,0,0,0,0,0,0,21,22,341,369,380,382,386,391,395,404
"zeebe-io/zeebe-modeler","Desktop Application for modeling Zeebe Workflows with BPMN",false,1263.5,5.6,196,23,43,165,127,21,"zeebe-modeler, zeebe, workflow, desktop-application, bpmn, hacktoberfest",42,64,3,0.56,4.54,2.26,,0.14,0.1,0.15,0.17,0.21,0.21,,0.15,0,0,0,0,0,0,0,17,18,19,19,20,22,23,23,23,23,24,24,24,25,28,31,40,42,46,51,56,57,63,69,74,86,96,102,110,117,125,135,142,148,155,164,170,178,182,186,192,196
"banzaicloud/banzai-charts","Curated list of Banzai Cloud Helm charts used by the Pipeline Platform",false,1221.2,7.1,312,8,222,178,1046,10,"kubernetes, charts",114,38,4,0.75,3.8,2.21,,0.07,0.13,0.19,0.19,0.2,0.25,,0.26,0,0,0,0,0,0,0,0,0,1,2,8,15,19,29,31,37,46,63,73,80,90,100,109,125,130,144,155,167,178,180,193,202,215,224,231,237,242,251,259,268,273,277,283,289,294,301,307,313
"Flagsmith/flagsmith-api","Feature flagging and remote config service. Host yourself or use our hosted version at https://www.flagsmith.com/",false,1007.5,20.5,219,14,40,29,42,11,"feature-flags, continuous-integration, remote-control, ci, cd, feature-toggles, feature-flag, remote-config, python, feature-flagging, feature-flaggers, flagsmith",15,7,3,0.56,4.06,2.1,0.57,0.36,0.36,0.36,0.45,0.36,0.26,,0.22,0,0,0,0,0,0,0,0,0,0,0,0,0,0,0,0,5,7,12,14,15,19,22,25,25,26,28,42,45,48,50,51,55,58,61,63,85,100,106,115,121,130,136,141,170,185,192,206,219
"nats-io/jetstream","JetStream Utilities",false,448.6,3.3,336,24,31,117,378,19,"",18,16,4,0.75,3.53,2.1,0.29,0.71,0.59,0.66,0.65,0.68,,,0.75,0,0,0,0,0,0,0,0,0,0,0,0,0,0,0,0,0,0,0,0,0,0,0,0,0,0,0,0,0,0,0,0,0,0,16,56,87,104,126,145,163,194,217,238,261,275,291,317,337
"CompositionalIT/farmer","Repeatable Azure deployments with ARM templates - made easy!",false,549.4,3.3,351,16,90,269,291,0,"arm-templates, azure, dotnet-core",53,4,4,0.75,3.38,2.04,0.43,0.43,0.56,0.49,0.61,0.63,,,0.64,0,0,0,0,0,0,0,0,0,0,0,0,0,0,0,0,0,0,0,0,0,0,0,0,0,0,0,0,0,0,4,45,71,74,83,105,120,124,147,168,200,212,237,275,291,304,318,332,351
"benbjohnson/wtf","WTF Dial is an example application written in Go.",false,118,20.9,358,16,26,0,3,12,"go, application",3,1,4,0.75,3.31,2.02,0.86,1.14,1.84,,,,,,4.67,0,0,0,0,0,0,0,0,0,0,0,0,0,0,0,0,0,0,0,0,0,0,0,0,0,0,0,0,0,0,0,0,0,0,0,0,0,0,0,0,0,0,0,0,0,0,32,301,357
"loft-sh/loft","Namespace & Virtual Cluster Manager for Kubernetes - Lightweight Virtual Clusters, Self-Service Provisioning for Engineers and 70% Cost Savings with Sleep Mode",false,294,3.1,233,5,18,30,66,91,"kubernetes, multi-tenancy, namespaces, development, devops, gitops, isolation, sandboxing, dev, environment",4,3,3,0.56,3.82,2.01,0.29,0.64,1.18,0.64,0.81,,,,0.86,0,0,0,0,0,0,0,0,0,0,0,0,0,0,0,0,0,0,0,0,0,0,0,0,0,0,0,0,0,0,0,0,0,0,0,0,0,0,0,0,14,17,85,125,154,175,180,196,237
"DataDog/dd-trace-go","A Go tracing package for Datadog APM",false,1642.6,0.3,243,280,183,271,587,50,"tracing, apm, datadog, opentracing",199,1440,3,0.56,3.66,1.96,,,0.16,0.19,0.2,0.21,0.18,,0.15,8,12,15,16,19,23,25,28,32,36,38,42,45,49,50,54,57,62,66,88,92,97,101,106,108,112,113,119,124,130,134,140,143,151,154,162,166,172,185,190,196,200,206,216,221,226,233,238,246
"kalmhq/kalm","Kalm | Kubernetes AppLication Manager",false,237.8,0.3,276,8,17,23,213,5,"",11,6,3,0.56,3.22,1.8,2.29,2.21,1.15,1.38,1.11,,,,1.15,0,0,0,0,0,0,0,0,0,0,0,0,0,0,0,0,0,0,0,0,0,0,0,0,0,0,0,0,0,0,0,0,0,0,0,0,0,0,0,0,0,5,70,127,139,147,179,238,274