"fullName","description","isFork","createdAgo","pushedAgo","stars","watchers","forks","issues","pullRequests","releases","topics","mentionable","assignable","usersStars","leftShare","rightShare","relevance","T1W","T2W","T1M","T3M","T6M","T1Y","T2Y","T5Y","TI","T-48","T-47","T-46","T-45","T-44","T-43","T-42","T-41","T-40","T-39","T-38","T-37","T-36","T-35","T-34","T-33","T-32","T-31","T-30","T-29","T-28","T-27","T-26","T-25","T-24","T-23","T-22","T-21","T-20","T-19","T-18","T-17","T-16","T-15","T-14","T-13","T-12","T-11","T-10","T-9","T-8","T-7","T-6","T-5","T-4","T-3","T-2","T-1","T0"
"apache/tvm","Open deep learning compiler stack for cpu, gpu and specialized accelerators",false,1588.9,0.1,6300,384,1844,1716,5744,9,"compiler, tensor, deep-learning, gpu, opencl, metal, performance, javascript, rocm, tvm, vulkan, spirv, machine-learning",498,45,2824,100,100,100,5,3.79,3.95,4.28,3.94,3.85,4.92,,4.56,0,0,0,2,4,6,13,586,722,813,852,900,994,1142,1237,1303,1447,1593,1740,1888,2047,2206,2371,2538,2694,2891,3081,3312,3500,3694,3900,4068,4256,4475,4644,4774,4880,4982,5100,5211,5333,5446,5567,5668,5790,5894,6044,6166,6287
"microsoft/nnfusion","A flexible and efficient deep neural network (DNN) compiler that generates high-performance executable from a DNN model description. ",false,322.7,12.5,432,26,61,104,113,2,"",10000,19679,75,2.66,38.73,15.85,0.14,0.29,0.39,1.37,2.33,,,,2.2,0,0,0,0,0,0,0,0,0,0,0,0,0,0,0,0,0,0,0,0,0,0,0,0,0,0,0,0,0,0,0,0,0,0,0,0,0,0,0,0,0,0,3,81,140,305,372,417,431
"alibaba/MNN","MNN is a blazing fast, lightweight deep learning framework, battle-tested by business-critical use cases in Alibaba",false,674.5,10.6,5368,206,1079,1194,182,28,"mnn, convolution, vulkan, embedded-devices, winograd-algorithm, machine-learning, deep-learning, ml, deep-neural-networks, arm",66,17,314,11.12,13.05,12.37,2.14,3.29,4.31,5.1,5.15,5.25,,,8.22,0,0,0,0,0,0,0,0,0,0,0,0,0,0,0,0,0,0,0,0,0,0,0,0,0,0,0,1621,1826,2034,2254,2377,2515,2951,3126,3342,3443,3599,3757,3912,4131,4284,4423,4530,4661,4897,5061,5230,5363
"KnowingNothing/FlexTensor","Automatic Schedule Exploration and Optimization Framework for Tensor Computations",false,758.5,24.7,108,13,25,11,9,0,"",6,4,22,0.78,45.44,11.72,,,0.1,0.18,0.2,,,,0.32,0,0,0,0,0,0,0,0,0,0,0,0,0,0,0,0,0,0,0,0,0,0,0,0,0,0,0,0,0,0,0,0,0,0,0,0,0,9,40,51,59,67,71,75,81,91,97,105,109
"cornell-zhang/heterocl","HeteroCL: A Multi-Paradigm Programming Infrastructure for Software-Defined Heterogeneous Computing",false,1155.2,0.8,157,18,51,152,186,2,"fpga, dsl, python, accelerators",27,21,28,0.99,39.79,11.62,,,0.13,0.18,0.17,0.21,0.21,,0.14,0,0,0,0,0,0,0,0,0,0,0,1,1,1,2,2,2,2,2,2,3,3,4,4,4,5,5,5,19,30,35,43,49,60,65,76,82,92,93,102,111,121,125,130,136,140,147,152,160
"halide/Halide","a language for fast, portable data-parallel computation",false,3123.7,0,4191,246,840,1793,3883,6,"halide, hexagon, compiler, dsl, gpu, image-processing, performance",156,36,240,8.5,12.78,11.15,0.57,1.14,1.32,1.7,1.88,1.81,1.98,1.69,1.34,1447,1469,1503,1532,1563,1601,1643,1688,1741,1821,1893,1938,2015,2098,2172,2214,2262,2324,2369,2414,2482,2532,2598,2687,2743,2803,2865,2945,3008,3085,3144,3208,3264,3330,3409,3473,3528,3575,3636,3688,3749,3797,3846,3900,3986,4034,4097,4148,4189
"google/gemmlowp","Low-precision matrix multiplication",false,2053,35.2,1353,104,380,34,169,0,"",55,6,111,3.93,18.3,10.96,0.14,0.64,0.62,0.77,0.62,0.55,0.63,0.71,0.66,230,258,293,328,355,378,407,424,448,476,509,528,554,591,608,636,659,694,721,764,785,816,847,874,892,911,930,970,988,1019,1037,1055,1074,1097,1118,1140,1150,1166,1185,1200,1215,1230,1240,1249,1270,1283,1298,1333,1356
"Tencent/ncnn","ncnn is a high-performance neural network inference framework optimized for the mobile platform",false,1328.4,0.2,10906,539,2700,1888,786,24,"inference, high-preformance, simd, arm-neon, deep-learning, artificial-intelligence, android, ios, ncnn, vulkan, neural-network, caffe, mxnet, pytorch, onnx, darknet, tensorflow, mlir, keras",140,7,434,15.37,8.88,10.66,6.14,7.07,7.89,9.51,8.61,8.09,7.6,,8.37,0,0,0,0,0,0,2187,2355,2478,2689,2858,3018,3165,3305,3466,3670,3819,4017,4201,4432,4579,4759,4967,5218,5349,5573,5864,6124,6358,6616,6827,7049,7243,7455,7678,7882,7944,8160,8405,8617,8856,9113,9325,9552,9753,10028,10386,10655,10897
"pytorch/glow","Compiler for Neural Network hardware accelerators",false,1237.2,0,2386,145,512,738,4618,0,"",203,394,156,5.52,14.59,10.55,0.71,0.79,0.72,0.99,1.04,1.22,1.62,,2.01,0,0,0,0,0,0,0,0,0,1,2,3,3,4,4,412,562,617,648,707,883,980,1065,1131,1205,1263,1345,1423,1468,1521,1580,1632,1704,1754,1800,1875,1940,2015,2067,2094,2125,2161,2196,2227,2257,2295,2328,2363,2386
"NVIDIA/TensorRT","TensorRT is a C++ library for high performance inference on NVIDIA GPUs and deep learning accelerators.",false,656.9,2.1,3347,113,770,907,154,17,"tensorrt, nvidia, deep-learning",33,111,193,6.83,12.86,10.42,1.57,3.5,4.44,4.19,4.02,3.98,,,5.49,0,0,0,0,0,0,0,0,0,0,0,0,0,0,0,0,0,0,0,0,0,0,0,0,0,0,0,0,0,996,1121,1234,1386,1527,1665,1814,1886,1988,2106,2230,2370,2485,2606,2722,2846,2958,3079,3204,3341
"daadaada/turingas","Assembler for NVIDIA Volta and Turing GPUs",false,514.7,38.2,73,7,27,7,1,0,"",1,1,15,0.53,45.84,10.37,,,0.03,0.12,0.1,0.18,,,0.17,0,0,0,0,0,0,0,0,0,0,0,0,0,0,0,0,0,0,0,0,0,0,0,0,0,0,0,0,0,0,0,0,0,0,1,4,6,13,24,41,44,49,54,55,56,61,66,71,76
"jiazhihao/TASO","The Tensor Algebra SuperOptimizer for Deep Learning",false,508.8,7.1,380,25,50,59,23,0,"deep-learning, deep-neural-networks, inference-optimization",16,7,45,1.59,26.42,10.36,,,0.26,0.24,0.33,0.39,,,0.75,0,0,0,0,0,0,0,0,0,0,0,0,0,0,0,0,0,0,0,0,0,0,0,0,0,0,0,0,0,0,0,0,11,100,205,221,237,250,271,281,295,312,319,330,339,356,361,370,380
"BirenResearch/AIChip_Paper_List",,false,308.4,35.8,182,26,32,1,5,0,"",5,10,27,0.96,33.1,10.15,0.14,0.5,0.56,0.54,0.64,,,,0.62,0,0,0,0,0,0,0,0,0,0,0,0,0,0,0,0,0,0,0,0,0,0,0,0,0,0,0,0,0,0,0,0,0,0,0,0,0,0,0,11,21,50,65,76,90,132,150,163,182
"NVIDIA/cutlass","CUDA Templates for Linear Algebra Subroutines",false,1175.8,1.1,1071,72,184,131,45,14,"cuda, deep-learning, deep-learning-library",25,113,86,3.05,17.91,9.92,0.43,1.43,1.22,1.33,1.2,0.98,0.82,,0.91,0,0,0,0,0,0,0,0,0,0,216,240,257,269,282,296,318,340,350,366,391,420,443,462,468,474,491,504,526,542,575,587,597,618,683,698,710,719,740,766,799,821,849,863,921,948,990,1031,1070
"fengbintu/Neural-Networks-on-Silicon","This is originally a collection of papers on neural network accelerators. Now it's more like my selection of research on deep learning and computer architecture.",false,1850.3,19.9,1179,264,297,3,15,0,"deep-learning, hardware",6,1,91,3.22,17.22,9.85,0.43,0.79,0.76,0.73,0.73,0.65,0.64,,0.65,89,102,202,224,245,257,277,302,320,334,364,389,404,427,457,487,512,531,551,562,584,625,662,690,709,747,778,798,822,840,856,871,881,901,919,931,939,960,978,992,1009,1029,1043,1060,1089,1109,1133,1153,1178
"ARM-software/armnn","Arm NN ML Software. The code here is a read-only mirror of https://review.mlplatform.org/admin/repos/ml/armnn",false,1076.3,0.3,686,91,212,491,19,17,"machine-learning, neural-network, neural-networks",85,41,63,2.23,20.49,9.78,0.14,0.43,0.49,0.53,0.54,0.52,0.58,,0.64,0,0,0,0,0,0,0,0,0,0,0,0,0,19,50,72,100,115,141,159,196,210,230,245,265,285,304,317,335,358,376,392,413,440,464,485,496,514,529,543,563,577,587,605,621,638,660,671,689
"OAID/Tengine","Tengine is a lite, high performance, modular inference engine for embedded device ",false,1145.8,0.6,2589,178,603,290,261,12,"arm, machine-learning, artificial-intelligence, cnn, tensorflow, pytorch, onnx, x86-64, mips, cuda, tensorrt, acl, npu",35,48,148,5.24,12.75,9.48,2.57,4.71,4.87,7.82,5.84,4.3,2.99,,2.26,0,0,0,0,0,0,0,0,0,0,0,55,67,75,81,87,89,133,157,194,244,289,322,375,404,455,504,612,672,725,789,850,884,920,963,1003,1016,1082,1152,1221,1285,1417,1520,1589,1653,1871,2154,2436,2586
"nvdla/sw","NVDLA SW",false,1211.3,20.2,326,59,137,207,5,2,"",8,14,37,1.31,25.32,9.44,,0.14,0.2,0.22,0.21,0.21,0.31,,0.27,0,0,0,0,0,0,0,0,0,12,23,35,39,43,51,58,67,73,79,80,83,88,93,95,99,101,104,108,114,121,126,185,217,230,240,247,251,256,259,265,274,283,287,294,301,306,311,319,326
"dmlc/dlpack","RFC for common in-memory tensor structure and operator interface for deep learning system",false,1454.1,9.3,381,46,68,30,31,3,"tensor, operator, deep-learning",22,11,41,1.45,24.01,9.42,0.14,0.21,0.36,0.42,0.32,0.26,0.25,,0.26,0,48,51,60,64,69,72,95,99,105,107,110,123,140,145,149,154,158,165,171,173,181,186,193,197,203,209,213,218,230,234,240,248,256,267,277,283,286,292,300,306,310,321,332,335,342,352,369,381
"HuaizhengZhang/Awesome-System-for-Machine-Learning","A curated list of research in machine learning system. I also summarize some papers if I think they are really interesting.",false,772.3,38.7,1157,88,164,27,15,0,"machine-learning, system, deep-learning, optimization, paper, resouce-management, deep-reinforcement-learning, edge-computing, computer-system, distributed-systems, infrastructure, deep-neural-networks, automl, model-database, inference",10,1,85,3.01,16.39,9.32,1.14,1.14,1.12,0.98,1.09,1.05,,,1.58,0,0,0,0,0,0,0,0,0,0,0,0,0,0,0,0,0,0,0,0,0,0,0,0,0,19,192,346,445,494,543,570,609,644,699,727,769,795,821,846,879,907,952,979,1008,1061,1087,1116,1152
"onnx/onnx","Open standard for machine learning interoperability",false,1259.6,0,9778,440,1812,1379,1839,16,"deep-learning, deep-neural-networks, neural-network, onnx, pytorch, mxnet, tensorflow, keras, scikit-learn, ml, machine-learning, dnn",190,79,351,12.43,8.01,9.27,3.57,5.14,4.83,5.18,5.36,5.58,6.12,,7.77,0,0,0,0,0,0,0,1001,1289,1488,1871,2135,2412,2691,2926,3241,3476,3656,3844,4022,4349,4556,4889,5085,5297,5472,5667,5926,6102,6261,6458,6802,7020,7235,7419,7580,7724,7894,8046,8252,8443,8633,8782,8936,9103,9289,9471,9615,9763
"tensorflow/runtime","A performant and modular runtime for TensorFlow",false,299,0,481,47,69,28,8,0,"",198,19,47,1.66,21.8,9.25,0.43,0.71,0.43,0.49,0.48,,,,1.63,0,0,0,0,0,0,0,0,0,0,0,0,0,0,0,0,0,0,0,0,0,0,0,0,0,0,0,0,0,0,0,0,0,0,0,0,0,0,0,320,362,374,392,412,426,434,455,467,481
"Oneflow-Inc/oneflow","OneFlow is a performance-centered and open-source deep learning framework.",false,1467.6,0.2,2232,92,222,211,4014,24,"deep-learning, machine-learning, deep-neural-networks, ml, distributed, neural-network",62,55,128,4.53,12.79,9.05,1,2.29,2.3,2.89,2.81,6.08,3.05,,2.07,0,0,0,0,0,0,0,0,0,0,0,0,0,1,2,2,2,3,3,4,4,4,4,4,4,4,4,5,5,5,5,5,5,5,5,5,7,8,9,10,11,14,1716,1810,1851,1963,2068,2157,2229
"huawei-noah/bolt","Bolt is a deep learning library with high performance and heterogeneous flexibility.",false,443.3,15.3,488,42,91,21,5,5,"",7,3,46,1.63,21.03,8.96,0.14,0.14,0.36,0.89,0.61,0.63,,,1.11,0,0,0,0,0,0,0,0,0,0,0,0,0,0,0,0,0,0,0,0,0,0,0,0,0,0,0,0,0,0,0,0,0,0,205,250,257,287,299,308,321,364,377,386,394,406,459,477,489
"IntelLabs/distiller","Neural Network Distiller by Intel AI Lab: a Python package for neural network compression research.  https://intellabs.github.io/distiller",false,1030.2,28.4,3374,136,667,334,217,4,"pytorch, pruning, quantization, pruning-structures, jupyter-notebook, network-compression, deep-neural-networks, regularization, group-lasso, distillation, early-exit, truncated-svd, onnx, automl-for-compression",44,22,161,5.7,10.65,8.64,1.57,1.5,1.55,1.84,1.84,2.25,2.86,,3.29,0,0,0,0,0,0,0,0,0,0,0,0,0,0,0,172,275,693,756,818,869,992,1082,1193,1281,1428,1522,1624,1727,1834,1949,2050,2164,2305,2409,2498,2550,2622,2710,2799,2879,2965,3035,3094,3152,3203,3277,3323,3372
"mindspore-ai/akg","AKG (Auto Kernel Generator) is an optimizer for operators in Deep Learning Networks, which provides the ability to automatically fuse ops with specific patterns.",false,240.5,7.4,69,15,18,2,1,0,"",9,10,12,0.42,38.8,8.62,,,0.13,0.44,0.33,,,,0.29,0,0,0,0,0,0,0,0,0,0,0,0,0,0,0,0,0,0,0,0,0,0,0,0,0,0,0,0,0,0,0,0,0,0,0,0,0,0,0,0,0,4,8,16,24,28,33,64,74
"lutzroeder/netron","Visualizer for neural network, deep learning, and machine learning models",false,3706.3,0.7,13307,230,1613,599,83,3,"neural-network, deep-learning, machine-learning, deeplearning, machinelearning, ai, ml, visualizer, onnx, keras, tensorflow, tensorflow-lite, coreml, caffe, caffe2, mxnet, pytorch, torch, paddle, darknet",1,1,396,14.02,6.64,8.52,8.29,11.21,12.43,14.86,14.02,14.86,14.35,7.26,3.58,16,16,17,17,17,17,18,18,18,18,36,76,186,333,609,695,859,1039,1371,1556,1781,2052,2319,2542,2798,3098,3659,4047,4459,4947,5579,5983,6347,6770,7190,7583,7849,8237,8690,9181,9663,10149,10713,11130,11525,11916,12352,12894,13272
"bytedance/byteps","A high performance and generic framework for distributed DNN training",false,603.5,0.5,2696,78,371,214,152,1,"machine-learning, deep-learning, distributed-training, tensorflow, mxnet, keras, pytorch",26,11,136,4.82,11.25,8.48,0.43,1,1.25,2.53,2.2,1.88,,,4.47,0,0,0,0,0,0,0,0,0,0,0,0,0,0,0,0,0,0,0,0,0,0,0,0,0,0,0,0,0,1484,1636,1714,1768,1845,1911,1974,2002,2032,2081,2133,2187,2232,2286,2338,2392,2456,2554,2648,2688
"Tencent/TNN","TNN: developed by Tencent Youtu Lab and Guangying Lab, a lightweight and high-performance deep learning framework for mobile inference. TNN is distinguished by several outstanding features, including its cross-platform capability, high performance, model compression and code pruning. Based on ncnn and Rapidnet, TNN further strengthens the support and performance optimization for mobile devices, and also draws on the advantages of good extensibility and high performance from existed open source efforts. TNN has been deployed in multiple Apps from Tencent, such as Mobile QQ, Weishi, Pitu, etc. Contributions are welcome to work in collaborative with us and make TNN a better framework.                                TNNÔºöÁî±ËÖæËÆØ‰ºòÂõæÂÆûÈ™åÂÆ§ÂíåÂÖâÂΩ±ÂÆûÈ™åÂÆ§ÂçèÂêåÊâìÈÄ†ÔºåÁßªÂä®Á´ØÈ´òÊÄßËÉΩ„ÄÅËΩªÈáèÁ∫ßÊé®ÁêÜÊ°ÜÊû∂ÔºåÂêåÊó∂Êã•ÊúâË∑®Âπ≥Âè∞„ÄÅÈ´òÊÄßËÉΩ„ÄÅÊ®°ÂûãÂéãÁº©„ÄÅ‰ª£Á†ÅË£ÅÂâ™Á≠â‰ºóÂ§öÁ™ÅÂá∫‰ºòÂäø„ÄÇTNNÊ°ÜÊû∂Âú®ÂéüÊúâRapidnet„ÄÅncnnÊ°ÜÊû∂ÁöÑÂü∫Á°Ä‰∏äËøõ‰∏ÄÊ≠•Âä†Âº∫‰∫ÜÁßªÂä®Á´ØËÆæÂ§áÁöÑÊîØÊåÅ‰ª•ÂèäÊÄßËÉΩ‰ºòÂåñÔºåÂêåÊó∂‰πüÂÄüÈâ¥‰∫Ü‰∏öÁïå‰∏ªÊµÅÂºÄÊ∫êÊ°ÜÊû∂È´òÊÄßËÉΩÂíåËâØÂ•ΩÊãìÂ±ïÊÄßÁöÑ‰ºòÁÇπ„ÄÇÁõÆÂâçTNNÂ∑≤ÁªèÂú®ÊâãQ„ÄÅÂæÆËßÜ„ÄÅPÂõæÁ≠âÂ∫îÁî®‰∏≠ËêΩÂú∞ÔºåÊ¨¢ËøéÂ§ßÂÆ∂ÂèÇ‰∏éÂçèÂêåÂÖ±Âª∫Ôºå‰øÉËøõTNNÊé®ÁêÜÊ°ÜÊû∂Ëøõ‰∏ÄÊ≠•ÂÆåÂñÑ„ÄÇ",false,264.5,7.8,2378,75,371,361,438,0,"",44,18,124,4.39,11.63,8.41,2,2,2.63,3.69,3.97,,,,9.09,0,0,0,0,0,0,0,0,0,0,0,0,0,0,0,0,0,0,0,0,0,0,0,0,0,0,0,0,0,0,0,0,0,0,0,0,0,0,0,0,1200,1547,1654,1774,1915,2041,2164,2298,2379
"google/iree","üëª",false,524,0,609,47,133,745,4122,17,"mlir, vulkan, tensorflow, spirv",73,32,50,1.77,18.32,8.41,1.43,1.93,1.61,1.06,0.92,1.07,,,1.16,0,0,0,0,0,0,0,0,0,0,0,0,0,0,0,0,0,0,0,0,0,0,0,0,0,0,0,0,0,0,0,6,49,65,75,124,217,259,296,343,374,407,437,459,475,509,536,556,607
"gpgpu-sim/gpgpu-sim_distribution","GPGPU-Sim provides a detailed simulation model of contemporary NVIDIA GPUs running CUDA and/or OpenCL workloads.  It includes support for features such as TensorCores and CUDA Dynamic Parallelism as well as a performance visualization tool, AerialVisoin, and an integrated energy model, GPUWattch.",false,2384.2,12.6,373,38,268,102,114,2,"",28,4,36,1.27,21.53,8.39,0.43,0.36,0.3,0.38,0.38,0.32,0.27,0.18,0.16,64,66,70,76,80,85,88,91,101,105,108,110,115,119,128,131,134,138,142,149,154,155,159,165,173,176,183,188,195,199,203,215,225,233,243,249,255,265,274,282,291,293,303,311,320,338,351,363,374
"oneapi-src/oneDNN","oneAPI Deep Neural Network Library (oneDNN)",false,1744.9,0.1,2257,189,599,775,210,86,"onednn, oneapi, deep-learning, deep-neural-networks, performance, cpp, dpcpp, opencl, openmp, tbb, x86-64, x64, aarch64, sse41, avx2, avx512, amx, xe-architecture, library, bfloat16",141,30,119,4.21,11.76,8.35,0.86,0.79,0.92,1.22,1.34,1.35,1.46,,1.38,177,203,234,266,290,321,345,371,400,441,481,526,575,614,668,721,769,821,862,918,962,1005,1077,1114,1180,1226,1309,1357,1400,1444,1496,1556,1599,1641,1688,1723,1758,1794,1836,1880,1921,1969,2006,2038,2081,2138,2188,2221,2251
"Jittor/jittor","Jittor is a high-performance deep learning framework based on JIT compiling and meta-operators.",false,336.3,1.4,1871,61,197,94,86,0,"",20,8,104,3.68,12.4,8.27,0.29,1.36,1.74,2.05,1.76,,,,5.64,0,0,0,0,0,0,0,0,0,0,0,0,0,0,0,0,0,0,0,0,0,0,0,0,0,0,0,0,0,0,0,0,0,0,0,0,0,0,1329,1385,1466,1522,1549,1592,1643,1684,1754,1818,1872
"daquexian/onnx-simplifier","Simplify your onnx model",false,688.4,0.5,1032,36,134,114,9,0,"",4,1,69,2.44,14.92,8.16,0.57,1.71,2.07,2.27,2.08,1.99,,,1.5,0,0,0,0,0,0,0,0,0,0,0,0,0,0,0,0,0,0,0,0,0,0,0,0,0,0,18,34,52,67,96,114,136,162,236,268,300,344,410,461,513,579,648,704,765,820,894,963,1028
"Tencent/PocketFlow","An Automatic Model Compression (AutoMC) framework for developing smaller and faster AI applications.",false,840.5,32.9,2608,149,492,273,53,0,"deep-learning, model-compression, mobile-app, automl, computer-vision",18,13,127,4.5,10.86,8.1,,0.07,0.53,0.68,0.57,0.67,1.33,,3.11,0,0,0,0,0,0,0,0,0,0,0,0,0,0,0,0,0,0,0,0,0,1101,1351,1523,1636,1757,1847,1935,2021,2090,2144,2195,2239,2286,2320,2350,2362,2385,2408,2427,2455,2472,2501,2518,2531,2543,2566,2589,2607
"apache/incubator-mxnet","Lightweight, Portable, Flexible Distributed/Mobile Deep Learning with Dynamic, Mutation-aware Dataflow Dep Scheduler; for Python, R, Julia, Scala, Go, Javascript and more",false,2120.2,0.1,19271,1136,6806,9209,10313,26,"mxnet",866,82,476,16.86,5.51,8,1.86,2.36,2.56,2.7,2.71,3.25,4.82,9.29,9.33,7548,8072,8451,8878,9265,9596,9960,10344,10786,11208,11607,11928,12259,12588,12925,13198,13462,13792,14283,14496,14724,14924,15187,15442,15750,15955,16176,16405,16657,16906,17090,17279,17480,17660,17811,17970,18081,18189,18318,18457,18583,18680,18770,18861,18934,19020,19115,19188,19267
"bondhugula/pluto","Pluto: An automatic polyhedral parallelizer and locality optimizer",false,1531.4,24.6,135,13,44,53,25,2,"stencils, tiling, locality, automatic-parallelization, loop-optimization, polyhedral-model",14,2,17,0.6,28.09,7.8,0.29,0.14,0.2,0.16,0.1,0.12,0.13,,0.09,3,3,4,6,7,7,8,8,10,11,12,14,18,20,20,21,22,26,28,31,34,36,38,39,39,40,41,45,53,55,59,72,76,81,86,90,92,98,100,106,109,113,115,117,117,120,124,128,136
"deepglint/EasyQuant","EasyQuant(EQ) is an efficient and simple post-training quantization method via effectively optimizing the scales of weights and activations. ",false,270.6,19.7,244,16,48,5,3,0,"",5,4,25,0.89,22.86,7.73,,,0.3,0.37,0.39,,,,1.03,0,0,0,0,0,0,0,0,0,0,0,0,0,0,0,0,0,0,0,0,0,0,0,0,0,0,0,0,0,0,0,0,0,0,0,0,0,0,0,0,0,152,173,189,198,210,220,234,248
"XiaoMi/mace","MACE is a deep learning inference framework optimized for mobile heterogeneous computing platforms.",false,966.7,0.5,4298,239,756,623,90,9,"deep-learning, neural-network, opencl, neon, hvx, machine-learning",51,19,169,5.98,8.77,7.72,1.14,1.14,1.18,1.62,1.56,1.7,1.93,,4.46,0,0,0,0,0,0,0,0,0,0,0,0,0,0,0,0,0,2007,2226,2327,2422,2542,2710,2800,2884,2972,3065,3139,3210,3265,3325,3390,3436,3480,3606,3642,3674,3707,3753,3820,3885,3945,4010,4040,4080,4147,4224,4259,4296
"llvm/mlir-npcomp",,false,202,0,94,232,17,34,123,0,"",958,951,13,0.46,30.85,7.6,1,0.5,0.39,0.3,0.46,,,,0.46,0,0,0,0,0,0,0,0,0,0,0,0,0,0,0,0,0,0,0,0,0,0,0,0,0,0,0,0,0,0,0,0,0,0,0,0,0,0,0,0,0,0,8,16,53,66,78,81,93
"doonny/PipeCNN","An OpenCL-based FPGA Accelerator for Convolutional Neural Networks",false,1563.3,41.5,758,65,298,155,3,0,"opencl, fpga-accelerator, hls, hardware, altera-opencl-sdk, fpga, deep-learning, deep-neural-networks",5,2,52,1.84,15.3,7.56,0.71,0.93,0.66,0.66,0.59,0.48,0.51,,0.49,13,21,26,37,45,52,58,67,83,97,141,161,178,195,211,240,268,284,297,312,327,340,359,375,384,398,421,439,455,469,483,498,512,540,556,572,582,597,610,621,636,643,650,663,678,698,708,737,760
"mindspore-ai/mindspore","MindSpore is a new open source deep learning training/inference framework that could be used for mobile, edge and cloud scenarios.",false,372.5,0.7,1955,146,387,98,21,0,"",94,10,97,3.43,11.07,7.49,3.29,2.71,4.54,4.77,3.65,,,,5.35,0,0,0,0,0,0,0,0,0,0,0,0,0,0,0,0,0,0,0,0,0,0,0,0,0,0,0,0,0,0,0,0,0,0,0,0,0,48,805,989,1080,1181,1281,1357,1438,1512,1602,1809,1948
"LitLeo/TensorRT_Tutorial",,false,1393.5,25.3,391,34,79,9,2,0,"",2,2,32,1.13,18.26,7.23,0.14,0.43,0.3,0.25,0.26,0.21,0.22,,0.28,0,0,0,5,6,8,10,12,14,20,27,35,53,66,79,95,110,121,141,163,175,191,201,218,228,235,245,258,266,273,282,288,292,298,305,311,313,319,326,331,335,340,342,353,358,366,374,381,391
"Tiramisu-Compiler/tiramisu","A polyhedral compiler for expressing fast and portable data parallel algorithms",false,1745.3,3.1,675,52,86,51,283,2,"compiler, library, optimization, linear-algebra, tensors, deep-neural-networks, machine-learning, code-generation, tensor-algebra",34,13,46,1.63,15.2,7.22,,0.21,0.2,0.35,0.28,0.29,0.82,,0.49,0,0,0,1,2,2,2,2,2,3,3,3,4,5,11,19,27,36,38,41,44,49,59,63,77,100,108,149,165,173,177,196,203,255,539,562,567,573,577,582,600,612,623,630,635,643,655,668,676
"NVIDIA/nccl","Optimized primitives for collective multi-GPU communication",false,1922.8,4.8,1447,118,384,380,87,3,"",41,106,73,2.58,11.25,6.89,0.43,0.5,0.56,0.92,0.92,0.82,0.89,0.76,0.75,245,262,288,323,354,373,395,409,424,448,466,485,502,511,529,546,565,574,595,610,660,693,732,756,793,834,873,911,932,964,985,1014,1042,1069,1096,1129,1146,1161,1194,1214,1235,1253,1278,1300,1326,1360,1394,1427,1446
"onnx/onnx-mlir","Representation and Reference Lowering of ONNX Models in MLIR Compiler Infrastructure",false,365.2,0.1,109,23,61,130,394,0,"",50,83,13,0.46,26.61,6.88,0.29,0.29,0.36,0.22,0.24,,,,0.3,0,0,0,0,0,0,0,0,0,0,0,0,0,0,0,0,0,0,0,0,0,0,0,0,0,0,0,0,0,0,0,0,0,0,0,0,0,11,24,33,40,55,65,69,79,88,93,98,110
"tensor-compiler/taco","The Tensor Algebra Compiler (taco) computes sparse tensor expressions on CPUs and GPUs",false,1605.9,0,837,51,113,264,147,2,"tensor, tensor-algebra, linear-algebra, library, code-generator, sparse, tensor-algebra-compiler",19,12,50,1.77,13.33,6.8,0.43,1.29,0.89,0.68,0.5,0.48,0.44,,0.57,1,1,2,8,11,12,15,18,31,297,323,340,351,365,377,384,408,422,434,449,463,489,494,501,517,547,559,570,583,595,605,613,621,635,648,656,661,670,679,695,713,726,745,753,758,774,789,810,839
"dmlc/ps-lite","A lightweight parameter server interface",false,2124,29.1,1218,91,473,86,95,0,"",35,9,64,2.27,11.72,6.78,0.14,0.21,0.26,0.42,0.45,0.48,0.56,0.61,0.57,273,291,310,327,341,363,386,411,434,456,470,484,512,529,568,599,623,642,657,684,712,733,757,783,808,839,862,881,903,926,944,964,984,1000,1021,1033,1042,1055,1069,1084,1100,1119,1136,1149,1161,1180,1199,1209,1220
"alibaba/heterogeneity-aware-lowering-and-optimization","heterogeneity-aware-lowering-and-optimization",false,179.6,4.6,101,22,30,28,165,2,"",15,14,12,0.42,26.51,6.68,,0.07,0.23,0.46,,,,,0.57,0,0,0,0,0,0,0,0,0,0,0,0,0,0,0,0,0,0,0,0,0,0,0,0,0,0,0,0,0,0,0,0,0,0,0,0,0,0,0,0,0,0,0,2,18,59,75,93,104
"inducer/loopy","A code generator for array-based code on CPUs and GPUs",false,2456.7,0.6,362,27,52,100,126,0,"python, opencl, cuda, ispc, code-generation, code-generator, code-optimization, code-transformation, reduction, scan, prefix-sum, array, multidimensional-arrays, performance, performance-analysis, scientific-computing, loop-optimization",18,6,28,0.99,17.26,6.66,0.14,0.14,0.26,0.23,0.22,0.21,0.23,0.19,0.15,65,68,70,73,76,79,83,84,86,93,99,110,130,136,142,147,152,154,158,166,170,179,183,189,197,203,213,219,226,234,237,249,254,266,272,275,284,292,296,301,305,313,320,327,333,341,347,354,363
"fastmachinelearning/hls4ml","Machine learning in FPGAs using HLS",false,1210.9,0.1,444,54,161,144,141,8,"hls, machine-learning, fpga",20,51,32,1.13,16.08,6.64,0.43,0.43,1.02,0.75,0.56,0.47,0.44,,0.38,0,0,0,0,0,0,0,0,0,0,1,2,3,4,14,40,48,57,64,71,79,89,100,110,119,127,140,157,164,190,200,213,226,243,254,260,271,282,290,303,313,327,340,351,364,374,395,411,443
"onnx/onnx-tensorrt","ONNX-TensorRT: TensorRT backend for ONNX",false,1024.1,6.6,1241,50,318,421,222,5,"onnx, deep-learning, nvidia",44,81,63,2.23,11.33,6.59,0.14,1.07,1.18,2.3,1.88,1.81,1.48,,1.21,0,0,0,0,0,0,0,0,0,0,0,0,0,0,0,10,24,33,43,55,76,90,116,135,157,186,212,240,269,320,359,398,419,454,499,553,578,622,683,725,778,830,895,938,989,1029,1137,1202,1239
"flexflow/FlexFlow","A distributed deep learning framework that supports flexible parallelization strategies.",false,801.9,0,261,18,69,49,48,4,"",11,5,22,0.78,18.8,6.51,0.29,0.29,0.33,0.32,0.31,0.43,0.35,,0.33,0,0,0,0,0,0,0,0,0,0,0,0,0,0,0,0,0,0,0,0,0,0,0,2,4,8,15,21,28,58,65,71,76,89,97,100,104,147,164,173,189,201,204,212,219,232,239,250,262
"stanford-ppl/spatial","Spatial: ""Specify Parameterized Accelerators Through Inordinately Abstract Language""",false,1062.8,1.8,195,20,21,249,66,0,"fpgas",16,13,18,0.64,20.59,6.47,,,0.07,0.07,0.04,0.08,0.13,,0.19,0,0,0,0,0,0,0,0,0,0,0,0,0,0,0,4,5,8,11,13,15,71,84,93,100,110,117,121,123,130,131,137,147,153,159,163,167,170,172,176,180,183,186,187,187,188,190,192,195
"horovod/horovod","Distributed training framework for TensorFlow, Keras, PyTorch, and Apache MXNet.",false,1288,0.3,10833,332,1750,1683,988,11,"tensorflow, uber, machine-learning, machinelearning, mpi, baidu, deep-learning, deeplearning, keras, pytorch, mxnet, spark, ray",116,24,261,9.24,5.37,6.44,3.29,4.21,4.64,5.08,6.35,6.56,7.83,,8.42,0,0,0,0,0,0,19,106,177,898,1051,1376,1539,1678,1839,1959,2685,3030,3280,3546,3806,4090,4484,4784,5108,5470,5767,6177,6428,6723,7008,7227,7477,7713,7955,8226,8428,8614,8809,9083,9310,9496,9664,9876,10120,10358,10526,10682,10824
"microsoft/onnxruntime","ONNX Runtime: cross-platform, high performance ML inferencing and training accelerator",false,830.7,0,4084,171,929,1726,4951,23,"deep-learning, onnx, neural-networks, machine-learning, ai-framework, hardware-acceleration, pytorch, tensorflow, scikit-learn",10000,19679,136,4.82,7.43,6.43,3.86,5.64,5.33,5.25,7.44,6.17,4.87,,4.94,0,0,0,0,0,0,0,0,0,0,0,0,0,0,0,0,0,0,0,0,0,3,364,439,516,568,631,716,793,861,1003,1092,1227,1333,1477,1587,1817,1914,2040,2188,2419,2551,2711,3194,3355,3590,3755,3907,4071
"MegEngine/MegEngine","MegEngine ÊòØ‰∏Ä‰∏™Âø´ÈÄü„ÄÅÂèØÊãìÂ±ï„ÄÅÊòì‰∫é‰ΩøÁî®‰∏îÊîØÊåÅËá™Âä®Ê±ÇÂØºÁöÑÊ∑±Â∫¶Â≠¶‰π†Ê°ÜÊû∂",false,336.5,2.5,3784,136,394,108,44,11,"",14,17,128,4.53,7.55,6.37,0.29,0.5,0.82,9,8.65,,,,11.37,0,0,0,0,0,0,0,0,0,0,0,0,0,0,0,0,0,0,0,0,0,0,0,0,0,0,0,0,0,0,0,0,0,0,0,0,0,0,1924,1983,2033,2104,2204,2274,2593,2962,3572,3758,3784
"neo-ai/neo-ai-dlr","Neo-AI-DLR is a common runtime for machine learning models compiled by AWS SageMaker Neo, TVM, or TreeLite.",false,795.9,0.8,389,34,81,63,265,7,"deep-learning, machine-learning",38,23,28,0.99,16.06,6.35,0.14,0.07,0.07,0.21,0.22,0.25,0.29,,0.51,0,0,0,0,0,0,0,0,0,0,0,0,0,0,0,0,0,0,0,0,0,0,0,0,173,190,203,219,235,247,256,262,271,276,284,290,298,305,313,320,332,343,348,355,364,370,379,386,389
"dmlc/gluon-cv","Gluon CV Toolkit",false,1087.8,0.1,4547,163,1050,733,881,9,"deep-learning, computer-vision, neural-network, gluon, mxnet, machine-learning, image-classification, object-detection, semantic-segmentation, gan, person-reid, action-recognition, pose-estimation",113,14,144,5.1,7.07,6.34,0.86,1.64,2.24,2.61,2.56,3.12,3.88,,4.34,0,0,0,0,0,0,0,0,0,0,0,0,0,0,2,496,589,654,712,762,906,1169,1364,1519,1707,1918,2134,2274,2411,2565,2695,2807,2958,3089,3208,3320,3397,3478,3600,3753,3895,3977,4069,4149,4225,4299,4375,4468,4538
"NVIDIA/HugeCTR","HugeCTR is a high efficiency GPU framework designed for Click-Through-Rate (CTR) estimating training",false,523.1,4.2,354,23,87,184,20,7,"",34,117,26,0.92,16.38,6.28,0.57,1.14,0.95,0.87,0.83,0.68,,,0.68,0,0,0,0,0,0,0,0,0,0,0,0,0,0,0,0,0,0,0,0,0,0,0,0,0,0,0,0,0,0,0,0,19,47,86,101,106,112,117,138,156,176,201,231,263,273,301,323,354
"dmlc/dmlc-core","A common bricks library  for building scalable and portable distributed machine learning.",false,2164.9,13,768,127,493,133,507,1,"dmlc",139,17,43,1.52,12.49,6.19,,,0.03,0.12,0.13,0.16,0.22,0.29,0.35,342,356,371,378,388,400,418,430,445,454,466,478,486,499,513,526,539,546,551,557,563,573,582,594,604,622,627,642,647,656,661,669,675,685,696,707,709,715,719,726,732,737,744,749,755,757,762,767,770
"facebook/FAI-PEP","Facebook AI Performance Evaluation Platform",false,1184.1,5.1,323,28,70,15,422,0,"",192,2368,24,0.85,16.58,6.16,,0.07,0.1,0.13,0.12,0.18,0.27,,0.27,0,0,0,0,0,0,0,0,0,0,4,4,5,13,16,19,22,29,44,50,63,89,102,117,127,142,152,170,184,195,205,219,229,239,249,256,259,272,281,292,295,298,301,304,305,311,313,320,325
"mit-han-lab/once-for-all","[ICLR 2020] Once for All: Train One Network and Specialize it for Efficient Deployment",false,409,41.1,1084,51,167,37,7,1,"tinyml, edge-ai, efficient-model, acceleration, nas, automl",12,8,53,1.88,10.91,6.07,0.71,1.07,1.28,1.79,1.67,2.41,,,2.66,0,0,0,0,0,0,0,0,0,0,0,0,0,0,0,0,0,0,0,0,0,0,0,0,0,0,0,0,0,0,0,0,0,0,0,172,201,236,294,522,632,729,778,825,890,918,991,1042,1082
"mlcommons/inference","Reference implementations of inference benchmarks",false,888.8,0.6,400,60,240,367,465,1,"",111,65,27,0.96,15.06,6.01,0.29,0.43,0.3,0.28,0.43,0.45,0.49,,0.45,0,0,0,0,0,0,0,0,0,0,0,0,0,0,0,0,0,0,0,2,6,13,23,35,44,53,70,79,91,129,146,159,171,197,209,227,236,248,258,273,287,309,321,339,359,374,383,391,401
"Xilinx/Vitis-AI","Vitis AI is Xilinx‚Äôs development stack for AI inference on Xilinx hardware platforms, including both edge devices and Alveo cards.",false,489.9,13.3,452,59,254,245,52,5,"",43,26,29,1.03,14.31,5.95,0.71,0.93,0.92,0.98,0.93,0.97,,,1.02,0,0,0,0,0,0,0,0,0,0,0,0,0,0,0,0,0,0,0,0,0,0,0,0,0,0,0,0,0,0,0,0,0,0,61,82,94,125,165,190,214,251,279,304,328,359,391,421,450
"mlcommons/training","Reference implementations of training benchmarks",false,1055.9,0.1,1105,130,391,202,248,1,"",96,65,52,1.84,10.5,5.88,0.29,0.43,0.69,0.34,0.5,0.61,0.64,,1.08,0,0,0,0,0,0,0,0,0,0,0,0,0,0,0,384,439,468,492,516,544,577,603,621,639,662,697,717,731,762,782,795,808,830,844,861,881,909,923,948,968,985,1012,1031,1055,1073,1080,1083,1105
"openvinotoolkit/openvino","OpenVINO‚Ñ¢ Toolkit repository",false,856.4,0.1,1919,131,834,810,3569,11,"inference-engine, inference, deep-learning, performance, openvino, model-optimizer",210,448,75,2.66,8.72,5.87,1.57,2,2.27,2.19,2.26,2.51,2.1,,2.25,0,0,0,0,0,0,0,0,0,0,0,0,0,0,0,0,0,0,0,0,16,200,275,342,384,433,495,531,617,679,722,770,816,879,922,959,1001,1047,1088,1149,1331,1428,1505,1563,1632,1717,1784,1847,1917
"NVIDIA/DALI","A library containing both highly optimized building blocks and an execution engine for data pre-processing in deep learning applications",false,991.9,0,3091,83,383,807,1877,36,"fast-data-pipeline, image-augmentation, data-augmentation, image-processing, data-processing, deep-learning, machine-learning, python, neural-network, gpu, gpu-tensorflow",67,104,102,3.61,7.36,5.81,1.71,1.86,1.74,1.9,2.08,2.17,2.84,,3.17,0,0,0,0,0,0,0,0,0,0,0,0,0,0,0,0,0,395,492,611,709,770,842,907,1010,1081,1175,1257,1354,1441,1649,1803,1895,1984,2089,2191,2291,2356,2434,2508,2562,2640,2704,2774,2838,2910,2972,3030,3085
"ucb-bar/chipyard","An Agile RISC-V SoC Design Framework with in-order cores, out-of-order cores, accelerators, and more",false,1577.1,2,425,69,235,264,533,5,"rocket-chip, chip-generator, chisel, riscv, rtl, soc, peripherals, chipyard, risc-v, boom, firesim, hwacha, accelerators, rocket, out-of-order, superscalar",78,61,27,0.96,14.17,5.77,0.14,0.86,0.82,0.8,0.77,0.7,0.51,,0.27,5,6,8,8,9,9,9,10,10,10,13,14,18,20,22,24,28,30,31,35,37,39,43,49,52,57,63,67,75,79,90,97,107,128,143,153,167,184,203,209,234,261,281,297,322,349,373,397,422
"NVIDIA/cub","Cooperative primitives for CUDA C++.",false,2924,1.1,856,78,273,167,90,44,"cuda, nvidia-hpc-sdk, cub, gpu, cpp, cpp11, cpp14, cpp17, cpp20, cxx, cxx11, cxx14, cxx17, cxx20, algorithms, nvidia",40,118,43,1.52,11.21,5.76,0.71,1.14,1.05,0.9,0.77,0.59,0.48,0.39,0.29,237,247,256,268,279,289,298,307,316,329,349,356,362,375,389,397,409,419,429,440,445,458,477,488,501,518,534,540,551,562,570,578,591,605,617,630,637,648,665,674,691,706,712,724,753,771,803,820,853
"triton-inference-server/server","The Triton Inference Server provides an optimized cloud and edge inferencing solution. ",false,867,0,1829,91,415,852,1672,27,"inference, gpu, machine-learning, deep-learning, cloud, datacenter, edge",45,13,71,2.51,8.66,5.73,2.43,3.21,3.02,3.11,2.67,2.35,2.23,,2.23,0,0,0,0,0,0,0,0,0,0,0,0,0,0,0,0,0,0,0,0,0,0,115,155,195,247,296,342,383,576,632,728,764,821,881,932,966,1003,1062,1130,1203,1267,1336,1388,1452,1539,1639,1731,1825
"open-mmlab/mmdetection","OpenMMLab Detection Toolbox and Benchmark",false,910.5,0.2,13631,347,4705,3339,1286,9,"object-detection, instance-segmentation, rpn, fast-rcnn, faster-rcnn, mask-rcnn, cascade-rcnn, ssd, retinanet, pytorch",190,16,267,9.45,4.37,5.65,7.29,8.71,10.45,13.65,13.46,14.98,15.69,,15.3,0,0,0,0,0,0,0,0,0,0,0,0,0,0,0,0,0,0,0,194,1065,1597,1788,1974,2155,2458,2834,3284,3707,4800,5439,6003,6521,6988,7444,7895,8143,8478,8841,9223,9895,10522,11151,11557,11930,12362,12816,13291,13610
"alibaba/ai-matrix","To make it easy to benchmark AI accelerators",false,930.6,39.8,151,31,63,12,65,0,"",8,3,13,0.46,19.21,5.54,,,,0.03,0.05,0.13,0.14,,0.17,0,0,0,0,0,0,0,0,0,0,0,0,0,0,0,0,0,0,0,0,16,33,40,44,50,56,60,66,74,81,85,87,89,92,98,101,105,120,124,130,131,137,141,145,146,147,150,151,152
"Xilinx/finn","Dataflow compiler for QNN inference on FPGAs",false,964.2,5.2,267,22,91,126,155,4,"dataflow, quantization, fpga, compiler, neural-network",23,17,19,0.67,15.88,5.53,,0.36,0.33,0.34,0.33,0.35,0.29,,0.28,0,0,0,0,0,0,0,0,0,0,0,0,0,0,0,0,0,8,12,14,26,31,40,46,50,60,68,75,79,90,92,101,109,119,125,130,137,149,156,165,181,195,206,213,224,235,249,256,267
"hfp/libxsmm","Library for specialized dense and sparse matrix operations, and deep learning primitives.",false,2339.2,0,513,54,127,213,248,47,"jit, simd, avx512, machine-learning, sparse, blas, matrix-multiplication, transpose, bfloat16, avx2, avx, sse, vector, intel, matrix, tensor, convolution, amx, fortran",37,5,29,1.03,12.61,5.47,,0.07,0.2,0.24,0.41,0.35,0.29,0.26,0.24,89,100,110,122,134,141,146,154,158,164,169,173,188,194,199,205,211,224,241,248,256,263,287,296,301,308,324,329,336,341,344,345,355,361,369,375,385,395,400,406,418,433,437,471,482,489,496,505,513
"deepinsight/insightface","Face Analysis Project on MXNet",false,1265.8,19.7,8573,447,2953,1348,62,0,"face-recognition, face-detection, mxnet, face-alignment, age-estimation, arcface, retinaface",14,8,189,6.69,4.92,5.45,3.14,5.29,6.05,6.62,7.78,7.25,8.38,,7.32,0,0,0,0,0,0,0,0,0,0,47,63,352,719,971,1175,1292,1432,1578,1695,1813,1925,2082,2292,2445,2655,2931,3246,3556,4167,4495,4804,5071,5345,5594,5790,5914,6124,6307,6531,6726,6918,7143,7333,7566,7957,8179,8378,8563
"ysh329/embedded-ai.bi-weekly","ÂµåÂÖ•ÂºèAIÂÖ¨‰ºóÂè∑: NeuralTalkÔºåWeekly report and awesome list of embedded-ai.",false,1317.2,32.7,325,54,73,8,2,0,"embedded, deep-learning, machine-learning, mobilenet, mobile, neural-network, prun, paperclip, awesome-list",2,1,21,0.74,14.41,5.37,,,0.03,0.13,0.15,0.21,0.23,,0.25,0,0,0,0,0,0,7,20,57,67,78,92,100,106,112,118,121,128,134,137,141,146,150,155,156,158,176,185,192,203,208,213,220,231,239,245,248,257,262,275,281,288,296,305,307,312,318,323,326
"666DZY666/micronet","micronet, a model compression and deploy lib. compression: 1„ÄÅquantization: quantization-aware-training(QAT), High-Bit(>2b)(DoReFa/Quantization and Training of Neural Networks for Efficient Integer-Arithmetic-Only Inference)„ÄÅLow-Bit(‚â§2b)/Ternary and Binary(TWN/BNN/XNOR-Net); post-training-quantization(PTQ), 8-bit(tensorrt); 2„ÄÅ pruning: normal„ÄÅregular and group convolutional channel pruning; 3„ÄÅ group convolution structure; 4„ÄÅbatch-normalization fuse for quantization. deploy: tensorrt, fp32/fp16/int8(ptq-calibration)„ÄÅop-adapt(upsample)„ÄÅdynamic_shape",false,441.2,7.4,1167,29,291,68,1,1,"quantization, pruning, dorefa, twn, bnn, xnor-net, pytorch, model-compression, group-convolution, network-slimming, neuromorphic-computing, convolutional-networks, network-in-network, integer-arithmetic-only, quantization-aware-training, post-training-quantization, tensorrt, onnx, tensorrt-int8-python, batch-normalization-fuse",1,1,49,1.74,9.37,5.34,0.29,1.36,2.76,2.49,2.26,2.22,,,2.66,0,0,0,0,0,0,0,0,0,0,0,0,0,0,0,0,0,0,0,0,0,0,0,0,0,0,0,0,0,0,0,0,0,0,159,328,354,433,507,577,636,688,752,830,887,938,1008,1081,1167
"xianyi/OpenBLAS","OpenBLAS is an optimized BLAS library based on GotoBLAS2 1.13 BSD version. ",false,3677.6,0.6,3759,214,1036,1672,1432,28,"",183,4,106,3.75,6.29,5.3,1.57,1.5,1.55,1.76,1.78,1.78,1.82,1.64,1.02,1189,1232,1283,1331,1379,1422,1475,1523,1561,1625,1682,1726,1771,1831,1882,1938,1999,2060,2115,2159,2199,2261,2331,2384,2424,2466,2524,2619,2674,2729,2770,2837,2881,2940,2994,3049,3105,3151,3205,3254,3318,3376,3428,3483,3534,3592,3654,3706,3754
"llvm/llvm-project","The LLVM Project is a collection of modular and reusable compiler and toolchain technologies. Note: the repository does not accept github pull requests at this moment. Please submit your patches at http://reviews.llvm.org.",false,1533.4,0,7658,559,3016,0,152,35,"",1838,971,170,6.02,4.95,5.29,9,10.86,11.93,11.69,11.5,11.17,9.56,,4.98,3,3,3,3,3,3,3,3,3,3,4,4,4,4,4,4,4,4,4,4,4,6,7,372,649,768,923,1067,1199,1366,1625,1814,2068,2519,2858,3202,3549,3864,4173,4554,4895,5222,5527,5873,6195,6558,6941,7263,7626
"NVIDIA/caffe","Caffe: a fast open framework for deep learning.",true,2188.1,39.6,660,96,269,370,223,34,"",11,104,33,1.17,11.15,5.26,,0.07,0.13,0.12,0.08,0.1,0.18,0.32,0.3,199,207,214,220,239,252,268,285,297,320,344,361,377,390,407,420,433,444,458,473,485,495,510,519,527,535,549,561,566,580,585,592,597,603,611,620,625,626,631,634,640,644,645,645,646,649,651,656,662
"intel/opencl-intercept-layer","Intercept Layer for Debugging and Analyzing OpenCL Applications",false,1183.9,1.2,183,21,52,36,158,4,"opencl, debugging, performance, compute, gpgpu",24,15,14,0.5,17.07,5.25,,,,0.07,0.15,0.16,0.16,,0.16,0,0,0,0,0,0,0,0,0,0,0,0,7,9,10,23,31,32,34,40,45,47,52,55,68,74,83,88,94,97,103,107,111,114,118,121,123,129,130,138,142,148,156,161,171,176,181,182,183
"MingSun-Tse/EfficientDNNs","Collection of recent methods on DNN compression and acceleration",false,885.8,36.2,578,47,92,1,4,0,"",10,7,30,1.06,11.58,5.22,1,0.57,0.69,0.57,0.51,0.54,0.78,,0.67,0,0,0,0,0,0,0,0,0,0,0,0,0,0,0,0,0,0,0,0,2,2,3,3,5,8,17,125,152,210,238,259,291,318,343,354,379,398,423,440,459,469,483,489,502,523,544,555,576
"chipsalliance/chisel3","Chisel 3: A Modern Hardware Design Language",false,2122.9,0,1669,146,319,678,1102,48,"chisel, chisel3, scala, firrtl, rtl, chip-generator, verilog",66,70,59,2.09,7.89,5.06,0.57,1.21,1.45,1.41,1.38,1.38,1.38,0.91,0.9,66,80,93,112,132,146,158,174,193,209,229,262,278,290,310,338,357,389,415,471,510,541,598,631,663,700,743,772,813,837,878,923,962,1037,1088,1128,1162,1210,1243,1284,1321,1362,1415,1463,1503,1538,1574,1622,1667
"google/XNNPACK","High-efficiency floating-point neural network inference operators for mobile, server, and Web",false,522.8,1,734,47,105,39,1263,0,"neural-networks, inference, inference-optimization, simd, cpu, multithreading, matrix-multiplication, convolutional-neural-networks, convolutional-neural-network, neural-network, mobile-inference",29,10,34,1.2,10.33,5.05,0.29,0.64,0.62,0.8,1.06,1.14,,,1.46,0,0,0,0,0,0,0,0,0,0,0,0,0,0,0,0,0,0,0,0,0,0,0,0,0,0,0,0,0,0,0,0,141,167,249,270,316,357,404,445,475,501,539,573,601,660,691,713,733
"onnx/tensorflow-onnx","Convert TensorFlow models to ONNX",false,1072.1,0,856,44,219,532,814,14,"tensorflow, onnx, export, convert, lstm",67,88,37,1.31,9.64,4.96,0.57,0.64,0.92,1.21,1.19,1.23,0.99,,0.8,0,0,0,0,0,0,0,0,0,0,0,0,0,6,14,22,25,35,42,53,66,80,100,115,129,149,163,191,211,232,250,272,290,322,353,378,402,433,473,512,563,595,634,658,699,740,784,822,852
"Xilinx/brevitas","Brevitas: quantization-aware training in Pytorch",false,952.9,0.1,317,20,67,137,110,15,"quantization, pytorch, brevitas",16,11,19,0.67,13.37,4.94,0.29,0.43,0.3,0.37,0.35,0.52,0.42,,0.35,0,0,0,0,0,0,0,0,0,0,0,0,0,0,0,0,0,0,0,6,7,7,8,8,10,11,15,16,17,25,43,45,64,75,101,115,128,148,182,205,220,232,252,259,272,283,299,307,318
"CNugteren/CLBlast","Tuned OpenCL BLAS",false,2090.5,11.3,541,56,129,248,166,22,"blas, opencl, blas-libraries, clblas, matrix-multiplication, gemm, gpu",23,1,27,0.96,11.13,4.91,,0.14,0.2,0.22,0.22,0.23,0.24,0.29,0.26,104,109,118,130,151,159,164,173,186,212,217,222,238,246,256,268,281,292,304,314,319,329,341,357,368,382,392,399,412,415,422,427,430,434,445,448,456,462,468,479,489,498,500,506,514,520,528,534,542
"NVIDIA/TRTorch","PyTorch/TorchScript compiler for NVIDIA GPUs using TensorRT",false,343.1,0.6,541,20,46,169,171,4,"tensorrt, libtorch, machine-learning, pytorch, deep-learning, jetson, nvidia, cuda",26,107,27,0.96,11.13,4.91,0.57,1.79,1.78,2.26,1.52,,,,1.58,0,0,0,0,0,0,0,0,0,0,0,0,0,0,0,0,0,0,0,0,0,0,0,0,0,0,0,0,0,0,0,0,0,0,0,0,0,4,155,181,204,229,262,282,307,333,362,484,540
"riscv-boom/riscv-boom","SonicBOOM: The Berkeley Out-of-Order Machine",false,2584.1,7.8,833,83,212,170,357,10,"riscv, boom, chisel, rtl, rocket-chip, scala, riscv-boom, berkeley",26,11,36,1.27,9.64,4.91,0.71,0.71,0.85,1.01,0.79,0.77,0.63,0.44,0.32,60,63,68,76,82,84,89,95,107,117,134,149,165,173,183,195,211,219,233,248,274,298,339,354,368,383,401,421,451,464,478,492,509,518,531,542,548,562,577,589,610,665,686,706,719,738,766,803,831
"NVIDIA/apex","A PyTorch Extension:  Tools for easy mixed precision and distributed training in Pytorch",false,1031.2,0.9,5052,103,696,797,252,0,"",82,108,119,4.21,5.25,4.88,3.14,3.21,3.42,3.75,3.95,4.8,5.69,,4.92,0,0,0,0,0,0,0,0,0,0,0,0,0,0,0,84,97,244,283,325,399,462,586,727,889,1101,1347,1544,1754,1944,2168,2376,2580,2749,2961,3164,3294,3475,3631,3817,3991,4175,4325,4457,4573,4703,4837,4941,5047
"PaddlePaddle/Paddle-Lite","Multi-platform high performance  deep learning inference engine („ÄéÈ£ûÊ°®„ÄèÂ§öÂπ≥Âè∞È´òÊÄßËÉΩÊ∑±Â∫¶Â≠¶‰π†È¢ÑÊµãÂºïÊìéÔºâ",false,1246.4,0.5,5407,333,1229,1404,4094,27,"mobile, deep-learning, neural-network, arm, mdl, baidu, embedded, mali, fpga, mobile-deep-learning",119,351,123,4.36,5.07,4.82,2,2.07,2.07,2.01,1.91,1.93,1.88,,4.35,0,0,0,0,0,0,0,0,2773,2973,3070,3308,3404,3509,3607,3657,3701,3750,3789,3838,3868,3897,3959,3993,4034,4064,4099,4151,4187,4281,4345,4478,4531,4584,4641,4676,4702,4774,4847,4887,4955,5003,5057,5098,5165,5222,5290,5341,5406
"NVIDIA/DeepLearningExamples","Deep Learning Examples",false,1022.1,0.1,5478,233,1596,465,365,0,"",69,122,123,4.36,5.01,4.78,4.86,5.79,6.08,5.92,5.88,6.63,7.12,,5.39,0,0,0,0,0,0,0,0,0,0,0,0,0,0,0,8,37,55,79,109,155,179,210,230,265,303,394,521,700,928,1547,1798,2016,2457,2701,2904,3044,3249,3480,3723,3962,4164,4390,4559,4761,4923,5117,5278,5464
"chipsalliance/rocket-chip","Rocket Chip Generator",false,2350.5,6,1711,198,702,722,2063,0,"scala, rocket-chip, chip-generator, chisel, riscv, rtl",115,70,55,1.95,7.17,4.64,0.43,1.07,1.02,1.05,1.06,1.06,1.11,0.88,0.74,204,225,241,265,285,296,308,329,355,384,401,450,477,498,530,574,613,644,672,726,764,802,837,870,896,932,967,1010,1060,1088,1122,1154,1186,1230,1268,1297,1323,1352,1381,1415,1451,1480,1516,1541,1574,1613,1637,1678,1710
"onnx/tutorials","Tutorials for creating and using ONNX models",false,1190,21,2084,123,443,155,73,0,"",64,79,62,2.2,6.64,4.59,0.43,1.07,1.45,1.64,1.64,1.69,1.88,,1.75,0,0,0,0,0,0,0,0,0,0,58,86,116,151,180,240,283,343,368,399,456,502,573,637,712,767,827,905,973,1037,1095,1169,1210,1281,1343,1414,1466,1512,1570,1625,1679,1726,1782,1844,1891,1932,1985,2037,2083
"microsoft/nni","An open source AutoML toolkit for automate machine learning lifecycle, including feature engineering, neural architecture search, model compression and hyper-parameter tuning.",false,992.6,0,9087,277,1206,1116,2249,27,"automl, deep-learning, neural-architecture-search, hyperparameter-optimization, distributed, bayesian-optimization, automated-machine-learning, machine-learning, machine-learning-algorithms, data-science, tensorflow, pytorch, neural-network, deep-neural-network, model-compression, feature-engineering, automated-feature-engineering, nas, python, feature-extraction",10000,19680,164,5.81,4.03,4.55,5.71,7.5,13.18,9.08,13.43,10.56,10.76,,9.97,0,0,0,0,0,0,0,0,0,0,0,0,0,0,0,0,0,0,0,368,563,706,794,1036,1208,1953,2168,2309,2472,2747,2978,3129,3259,3445,3643,4971,5208,5409,5618,5928,6196,6397,6610,6770,7055,8232,8463,8661,9063
"hahnyuan/nn_tools","Neural Network Tools: Converter and Analyzer. For caffe, pytorch, draknet and so on.",false,1539.5,17.6,333,22,60,24,2,0,"deep-learning, caffe, tensroflow, converter, analyzer, pytorch",1,1,18,0.64,12.06,4.53,,,0.1,0.14,0.14,0.19,0.24,,0.22,1,2,2,2,3,3,8,20,27,42,76,81,89,93,103,109,115,120,124,130,138,146,150,155,160,167,176,186,195,204,217,233,238,243,251,257,262,267,272,274,287,295,306,310,314,319,324,329,335
"TuSimple/simpledet","A Simple and Versatile Framework for Object Detection and Instance Recognition",false,750.5,21.6,2846,116,480,248,106,0,"mxnet, object-detection, instance-segmentation",28,14,75,2.66,5.88,4.51,0.43,0.79,0.59,0.77,0.82,1.1,2.61,,3.8,0,0,0,0,0,0,0,0,0,0,0,0,0,0,0,0,0,0,0,0,0,0,0,0,939,1265,1357,1492,1623,1766,1911,2010,2095,2194,2314,2411,2443,2481,2520,2554,2612,2654,2695,2718,2740,2774,2798,2826,2845
"NVIDIA-AI-IOT/torch2trt","An easy to use PyTorch to TensorRT converter",false,662.2,9.1,2047,67,350,387,115,1,"jetson-nano, jetson-tx2, jetson-xavier, pytorch, tensorrt, inference, classification",21,13,60,2.12,6.54,4.5,1.14,2.29,2.33,3.11,2.96,3.07,,,3.38,0,0,0,0,0,0,0,0,0,0,0,0,0,0,0,0,0,0,0,0,0,0,0,0,0,0,0,0,0,121,197,285,451,570,728,857,923,993,1089,1176,1283,1405,1503,1576,1668,1760,1871,1972,2045
"he-y/Awesome-Pruning","A curated list of neural network pruning resources.",false,629.5,10.9,958,78,184,11,10,0,"pruning, model-compression, model-acceleration, awesome-list",7,1,36,1.27,8.38,4.47,0.57,1,0.85,1.22,1.35,1.42,,,1.53,0,0,0,0,0,0,0,0,0,0,0,0,0,0,0,0,0,0,0,0,0,0,0,0,0,0,0,0,29,151,202,248,296,335,393,418,439,483,527,561,605,662,710,760,807,845,899,930,957
"freechipsproject/chisel-bootcamp","Generator Bootcamp Material: Learn Chisel the Right Way",false,1302,20.8,403,66,141,60,79,0,"",42,23,20,0.71,11.07,4.43,,0.5,0.39,0.39,0.44,0.37,0.4,,0.32,0,0,0,0,0,0,0,2,2,3,9,12,17,21,23,27,30,34,37,48,55,65,83,95,112,123,137,152,167,176,194,206,218,231,251,261,269,276,280,287,297,303,323,347,361,367,379,391,408
"dmlc/dgl","Python package built to ease deep learning on graph, on top of existing DL frameworks.",false,1034.2,0.6,6661,179,1343,913,1756,14,"deep-learning, graph-neural-networks",114,29,129,4.57,4.32,4.4,3.71,4.43,5.29,7.25,7.06,7.56,7.31,,7.11,0,0,0,0,0,0,0,0,0,0,0,0,0,0,0,0,0,0,1,2,4,8,862,1143,1307,1560,1762,1961,2140,2313,2489,2703,2919,3145,3371,3670,3887,4163,4414,4647,4910,5135,5357,5572,5776,5983,6216,6485,6647
"gem5/gem5","This is an read-only mirror of the gem5 simulator. The upstream repository is stored in https://gem5.googlesource.com, code reviews should be submitted to https://gem5-review.googlesource.com/. The mirrors are synchronized every 15 minutes.",false,2269.4,0,543,59,469,0,13,0,"",163,5,24,0.85,9.86,4.36,,0.36,0.39,0.37,0.36,0.34,0.38,0.29,0.24,79,87,94,104,111,117,124,130,135,148,157,162,169,176,183,190,201,211,215,222,233,242,247,253,264,281,299,310,322,334,341,353,366,381,396,410,417,425,434,450,461,464,478,485,498,509,519,530,546
"facebookincubator/gloo","Collective communications library with various primitives for multi-machine training.",false,1475.8,8.1,805,51,178,92,199,0,"",77,37,31,1.1,8.59,4.33,,0.14,0.33,0.3,0.32,0.4,0.43,,0.55,1,65,77,118,165,181,211,221,229,257,277,293,308,327,343,363,376,399,410,421,435,446,461,473,484,499,510,527,539,549,560,575,589,603,625,642,654,668,682,698,710,725,742,746,758,774,781,791,802
"llvm/circt","Circuit IR Compilers and Tools",false,349.6,0.1,450,248,54,203,409,0,"circt, llvm, mlir",955,951,21,0.74,10.41,4.32,0.71,2.86,1.97,1.42,1.38,,,,1.35,0,0,0,0,0,0,0,0,0,0,0,0,0,0,0,0,0,0,0,0,0,0,0,0,0,0,0,0,0,0,0,0,0,0,0,0,0,0,3,4,24,74,192,246,292,315,346,384,446
"tensorflow/model-optimization","A toolkit to optimize ML models for deployment for Keras and TensorFlow, including quantization and pruning.",false,840,0.3,971,59,228,159,472,13,"tensorflow, machine-learning, deep-learning, optimization, quantized-neural-networks, quantized-networks, quantized-training, keras, model-compression, compression, ml, pruning, sparsity, quantization",353,335,35,1.24,8.04,4.31,0.29,0.5,0.82,0.53,0.6,0.93,,,1.5,0,0,0,0,0,0,0,0,0,0,0,0,0,0,0,0,0,0,0,0,0,0,0,0,0,0,0,193,300,330,409,440,471,503,578,609,630,664,717,765,805,835,861,881,896,922,928,946,973
"Qihoo360/tensornet",,false,159.7,22.7,195,21,45,29,21,2,"",8,6,12,0.42,13.73,4.31,,,0.16,0.34,,,,,1.24,0,0,0,0,0,0,0,0,0,0,0,0,0,0,0,0,0,0,0,0,0,0,0,0,0,0,0,0,0,0,0,0,0,0,0,0,0,0,0,0,0,0,0,92,142,164,178,189,200
"Tencent/TurboTransformers","a fast and user-friendly runtime for transformer inference (Bert, Albert, GPT2, Decoders, etc) on CPU and GPU.",false,303.4,15.8,776,32,100,79,143,7,"nlp, transformer, bert, decoder, gpu, machine-translation, inference, huggingface-transformers, pytorch, albert, roberta, gpt2",18,13,30,1.06,8.62,4.29,1.14,1.57,1.61,1.46,1.4,,,,2.57,0,0,0,0,0,0,0,0,0,0,0,0,0,0,0,0,0,0,0,0,0,0,0,0,0,0,0,0,0,0,0,0,0,0,0,0,0,0,0,268,313,378,517,541,590,640,682,723,774
"sql-machine-learning/elasticdl","Kubernetes-native Deep Learning Framework",false,848.8,0.5,592,45,101,817,1686,2,"kubernetes, deep-learning, tensorflow, distributed-systems",24,23,25,0.89,9.42,4.28,,,0.13,0.26,0.39,0.51,,,0.9,0,0,0,0,0,0,0,0,0,0,0,0,0,0,0,0,0,0,0,0,0,0,0,0,0,0,0,2,3,4,5,237,309,354,377,400,405,412,430,443,456,503,521,537,552,568,575,587,592
"dmlc/gluon-nlp","NLP made easy",false,1050,1.7,2221,105,508,508,994,15,"mxnet, gluonnlp, nlp, gluon, deep-learning, machine-learning, natural-language-processing, numpy, nlu, natural-language-understanding, nlg, natural-language-generation, natural-language-inference",85,51,60,2.12,6.03,4.26,0.71,0.57,0.43,0.64,0.81,0.88,1.34,,2.15,0,0,0,0,0,0,0,0,0,0,0,0,0,0,0,512,647,701,831,901,939,1021,1113,1174,1240,1303,1404,1476,1531,1588,1640,1702,1733,1783,1818,1867,1898,1931,1959,1984,2017,2049,2071,2106,2132,2161,2185,2206,2220
"awslabs/autogluon","AutoGluon: AutoML for Text, Image, and Tabular Data",false,569.1,0,2985,73,389,372,561,10,"automl, machine-learning, data-science, deep-learning, ensemble-learning, image-classification, computer-vision, natural-language-processing, structured-data, object-detection, gluon, mxnet, transfer-learning, pytorch, automated-machine-learning, scikit-learn, autogluon, tabular-data, neural-architecture-search, hyperparameter-optimization",74,34,73,2.58,5.46,4.25,3.71,2.93,2.79,2.72,2.44,2.93,,,5.26,0,0,0,0,0,0,0,0,0,0,0,0,0,0,0,0,0,0,0,0,0,0,0,0,0,0,0,0,0,0,3,4,4,5,162,1560,1909,2002,2111,2194,2316,2444,2532,2604,2664,2730,2797,2893,2978
"tensorflow/tensorrt","TensorFlow/TensorRT integration",false,826,6.9,528,26,165,141,98,0,"",34,17,23,0.81,9.72,4.25,,0.07,0.33,0.34,0.39,0.5,0.69,,0.64,0,0,0,0,0,0,0,0,0,0,0,0,0,0,0,0,0,0,0,0,0,2,13,17,24,73,99,127,146,200,219,245,260,290,310,331,345,356,377,397,422,434,454,468,480,494,503,516,526
"ptillet/triton","Development repository for the Triton language and compiler",false,2363.1,0.9,225,25,65,35,29,1,"",17,2,13,0.46,12.89,4.24,,0.21,0.23,0.31,0.31,0.24,0.18,0.12,0.12,39,40,41,44,46,51,56,58,58,61,69,72,73,74,81,81,81,82,82,84,86,88,89,91,93,94,110,115,116,117,118,121,122,122,123,123,137,141,143,152,159,164,166,173,187,196,208,216,225
"facebookresearch/faiss","A library for efficient similarity search and clustering of dense vectors.",false,1471.2,0.1,12486,432,2138,1359,327,11,"",103,569,188,6.66,3.36,4.22,6.43,7.57,10.59,10.83,10.62,10.1,9.44,,8.53,0,1185,1550,1735,1822,1941,2019,2095,2173,2266,2434,2727,3014,3195,3390,3577,3814,3996,4215,4420,4621,4817,5075,5342,5571,5802,6077,6355,6599,6906,7206,7431,7683,7966,8278,8554,8773,8979,9247,9544,9891,10222,10521,10843,11098,11471,11806,12138,12460
"tensorflow/benchmarks"," A benchmark framework for Tensorflow",false,1589.1,4.8,928,186,563,269,241,0,"",349,310,33,1.17,7.93,4.19,,0.07,0.33,0.45,0.47,0.5,0.56,,0.59,10,13,18,42,59,72,83,94,110,139,162,174,187,210,238,260,290,310,359,391,413,456,481,503,517,545,574,602,622,636,654,672,685,701,720,736,745,756,770,791,812,832,843,856,872,887,900,917,929
"NVIDIA-developer-blog/code-samples","Source code examples from the Parallel Forall Blog",false,3264.4,34.1,808,115,514,17,20,0,"",18,11,30,1.06,8.28,4.18,0.14,0.14,0.2,0.28,0.35,0.4,0.4,0.36,0.25,257,262,273,281,284,288,296,308,322,333,346,361,384,398,417,429,438,445,453,465,476,489,496,510,517,529,549,559,575,596,606,615,626,635,643,654,661,674,678,695,715,729,743,753,770,780,790,801,808
"ray-project/ray","An open source framework that provides a simple, universal API for building distributed applications. Ray is packaged with RLlib, a scalable reinforcement learning library, and Tune, a scalable hyperparameter tuning library.",false,1576,0,14855,414,2398,5904,7992,40,"ray, distributed, parallel, machine-learning, reinforcement-learning, deep-learning, python, rllib, hyperparameter-search, optimization, data-science, automl, hyperparameter-optimization, model-selection, java, serving, deployment",433,76,208,7.37,3.12,4.16,12,12.57,13.02,12.32,12.45,12.73,12.93,,9.55,31,70,223,251,325,353,385,449,541,718,816,1471,1756,2496,2816,3060,3239,3473,3674,3982,4229,4524,4795,5048,5382,5957,6391,6839,7361,7695,8058,8394,8718,9077,9460,9858,10175,10568,10938,11362,11728,12168,12549,12936,13381,13697,14035,14425,14822
"ultralytics/yolov3","YOLOv3 in PyTorch > ONNX > CoreML > TFLite",false,906.5,0.8,6719,149,2497,1537,141,10,"yolov3, object-detection, pytorch, yolo, onnx, coreml, ios, tflite, yolov4, yolov5, deep-learning, machine-learning, ml",42,4,122,4.32,4.05,4.14,3,5.07,6.25,6.97,7.11,9.15,8.24,,7.43,0,0,0,0,0,0,0,0,0,0,0,0,0,0,0,0,0,0,0,310,426,469,529,616,693,857,1155,1360,1546,1730,1949,2154,2349,2602,2965,3179,3369,3662,3973,4371,4808,5132,5412,5634,5841,6074,6330,6519,6711
"RangiLyu/nanodet","‚ö°Super fast and lightweight anchor-free object detection model. üî•Only 1.8MB and run 97FPS on cellphoneüî•",false,121.5,7.6,2256,48,371,141,7,1,"deep-neural-networks, deep-learning, object-detection, anchor-free, ncnn, shufflenet, pytorch, mnn, repvgg, openvino, efficientnet, android",6,1,59,2.09,5.83,4.14,2.57,5.79,5.95,,,,,,26.52,0,0,0,0,0,0,0,0,0,0,0,0,0,0,0,0,0,0,0,0,0,0,0,0,0,0,0,0,0,0,0,0,0,0,0,0,0,0,0,0,0,0,0,0,0,0,1832,2060,2242
"tensorpack/tensorpack","A Neural Net Training Interface on TensorFlow, with focus on speed + flexibility",false,1880.9,26.5,5923,211,1771,1313,199,3,"tensorflow, deep-learning, reinforcement-learning, neural-networks, machine-learning",53,1,112,3.97,4.22,4.13,1.29,1.29,1.35,1.82,1.69,2.2,3.33,,3.32,431,512,601,687,765,858,981,1079,1161,1282,1441,1552,1708,1834,1957,2060,2175,2306,2478,2680,2850,3011,3162,3349,3486,3635,3801,3963,4108,4279,4509,4625,4733,4857,4949,5048,5118,5189,5294,5379,5468,5540,5610,5654,5708,5753,5825,5879,5921
"ucb-bar/chisel-tutorial","chisel tutorial exercises and answers",false,3138.7,15,416,85,150,56,111,1,"",67,49,19,0.67,10.19,4.12,0.14,0.21,0.33,0.26,0.27,0.27,0.29,0.21,0.14,51,57,60,63,67,71,74,77,81,85,90,100,108,113,118,125,133,141,149,156,164,172,188,194,200,208,220,230,245,250,259,274,285,293,302,311,317,330,336,341,349,356,366,375,383,391,399,405,419
"plaidml/plaidml","PlaidML is a framework for making deep learning work everywhere.",false,1282.8,0.4,4019,167,372,540,1163,8,"",34,33,86,3.05,4.77,4.11,1.71,1.57,1.81,2.36,2.43,3.25,3.05,,3.31,0,0,0,0,0,0,0,0,0,606,671,722,771,802,837,885,976,1024,1133,1299,1376,1490,1573,1678,1793,1891,1961,2032,2145,2230,2320,2418,2503,2586,2666,2756,2831,3172,3262,3358,3443,3505,3573,3635,3723,3802,3891,3962,4018
"onnx/onnx-tensorflow","Tensorflow Backend for ONNX",false,1230.9,1.8,832,46,218,398,473,5,"deep-neural-networks, deep-learning, tensorflow, onnx",54,82,30,1.06,8.04,4.1,0.29,0.57,0.56,0.72,0.68,0.83,0.71,,0.69,0,0,0,0,0,0,0,0,0,3,39,64,86,107,129,159,175,195,204,216,232,251,275,294,312,332,349,372,391,404,422,442,451,467,493,512,529,552,583,610,635,672,705,723,740,764,787,813,832
"onnx/models","A collection of pre-trained, state-of-the-art models in the ONNX format ",false,1230.8,15.8,3188,159,711,243,179,0,"onnx, models, download, pretrained, deep-learning",61,79,73,2.58,5.11,4.07,3.14,3.07,3.39,3.57,3.47,3.42,3.31,,2.58,0,0,0,0,0,0,0,0,5,8,20,30,45,73,92,125,153,184,227,364,417,490,589,669,755,820,904,1005,1097,1200,1293,1415,1493,1586,1712,1824,1926,2020,2126,2238,2331,2420,2539,2643,2734,2847,2961,3069,3174
"dusty-nv/jetson-inference","Hello AI World guide to deploying deep-learning inference networks and deep vision primitives with TensorRT and NVIDIA Jetson.",false,1663,0.2,4096,263,1856,881,45,1,"deep-learning, inference, computer-vision, embedded, image-recognition, object-detection, segmentation, jetson, jetson-tx1, jetson-tx2, jetson-xavier, nvidia, tensorrt, digits, caffe, video-analytics, robotics, machine-learning, jetson-nano, jetson-xavier-nx",9,6,86,3.05,4.68,4.06,2.71,2.5,3.06,4.01,4.03,3.91,3.92,,2.5,129,169,202,245,295,340,383,443,489,540,583,622,689,737,793,846,888,923,972,1012,1058,1100,1153,1194,1223,1266,1459,1629,1741,1845,2019,2108,2227,2328,2421,2520,2660,2791,2916,2997,3130,3247,3351,3442,3568,3721,3866,3994,4089
"google/jax","Composable transformations of Python+NumPy programs: differentiate, vectorize, JIT to GPU/TPU, and more",false,845.9,0,11516,241,1007,2049,3574,5,"",253,25,171,6.06,3.31,4.05,23.14,19.79,14.27,13.68,11.96,13.73,11.29,,13.92,0,0,0,0,0,0,0,0,0,0,0,0,0,0,0,0,0,0,0,0,0,2,2137,2655,3212,3655,3956,4139,4289,4479,4677,4879,5169,5408,5728,6026,6441,7232,7732,8125,8438,8961,9270,9554,9810,10204,10631,11019,11453
"riscv/riscv-isa-sim","Spike, a RISC-V ISA Simulator",false,3463,0.6,896,130,364,339,308,1,"",82,24,31,1.1,7.72,4.03,0.43,0.57,0.95,1.37,1.11,0.92,0.78,0.47,0.26,76,80,86,93,97,100,105,109,119,127,134,142,152,157,168,183,188,199,211,239,257,272,298,310,320,337,362,379,389,406,425,438,455,481,501,531,555,575,595,623,638,663,691,708,734,768,817,864,894
"mila-iqia/myia","Myia prototyping",false,1239.6,0,367,32,39,48,342,0,"",17,16,17,0.6,10.33,4.01,,,0.07,0.09,0.09,0.18,0.21,,0.31,0,0,0,0,0,0,0,0,0,4,6,79,83,87,115,120,123,124,127,132,135,137,190,202,214,220,223,236,246,251,259,264,268,280,285,288,301,308,318,329,334,344,350,354,356,359,361,364,368
"PaddlePaddle/Paddle","PArallel Distributed Deep LEarning: Machine Learning Framework from Industrial Practice Ôºà„ÄéÈ£ûÊ°®„ÄèÊ†∏ÂøÉÊ°ÜÊû∂ÔºåÊ∑±Â∫¶Â≠¶‰π†&Êú∫Âô®Â≠¶‰π†È´òÊÄßËÉΩÂçïÊú∫„ÄÅÂàÜÂ∏ÉÂºèËÆ≠ÁªÉÂíåË∑®Âπ≥Âè∞ÈÉ®ÁΩ≤Ôºâ",false,1647.5,0.2,14297,715,3556,12226,18712,42,"paddlepaddle, deep-learning, scalability, machine-learning, neural-network, python, efficiency, distributed-training",375,326,195,6.91,3.04,4,8.14,22.14,16.37,11.86,10.23,10.28,8.8,,8.69,4005,4233,4381,4509,4618,4803,4947,5065,5233,5445,5673,5877,6054,6192,6374,6584,6725,6901,7081,7186,7287,7430,7590,7722,7863,8012,8194,8483,8697,9107,9400,9639,9812,10037,10239,10451,10534,10690,10966,11209,11492,11700,12421,12686,12954,13205,13509,13789,14289
"huawei-noah/vega","AutoML tools chain",false,242.5,15.8,434,24,89,51,44,3,"",12,3,19,0.67,9.77,4,0.14,0.71,0.85,0.98,1.16,,,,1.82,0,0,0,0,0,0,0,0,0,0,0,0,0,0,0,0,0,0,0,0,0,0,0,0,0,0,0,0,0,0,0,0,0,0,0,0,0,0,0,0,0,166,222,260,313,344,385,407,440
"alibaba/graph-learn","An Industrial Graph Neural Network Framework",false,328.4,3.8,736,41,149,68,74,0,"gnn, aligraph, graphlearn, graphsage",16,12,27,0.96,8.18,4,0.43,0.71,0.85,1.25,1.11,,,,2.25,0,0,0,0,0,0,0,0,0,0,0,0,0,0,0,0,0,0,0,0,0,0,0,0,0,0,0,0,0,0,0,0,0,0,0,0,0,0,343,418,469,506,531,559,593,619,661,706,734
"pytorch/FBGEMM","FB (Facebook) + GEMM (General Matrix-Matrix Multiplication) - https://code.fb.com/ml-applications/fbgemm/",false,877,0.3,584,34,170,35,478,0,"",61,394,23,0.81,8.79,3.98,0.29,0.57,0.85,0.58,0.52,0.64,0.53,,0.66,0,0,0,0,0,0,0,0,0,0,0,0,0,0,0,0,0,0,0,0,2,115,162,179,196,208,214,221,228,234,240,251,262,280,302,320,347,432,444,452,463,479,486,496,507,527,542,553,581
"openvinotoolkit/training_extensions","Trainable models and NN optimization tools",false,845.3,0.3,842,51,337,177,263,0,"openvino, computer-vision, deep-learning, tensorflow, pytorch, neural-networks-compression, detection, ssd, segmentation, text-detection, text-recognition, face-recognition, super-resolution, quantization, sparsity",73,447,29,1.03,7.68,3.93,0.29,0.57,0.56,0.46,0.55,0.95,1.09,,1,0,0,0,0,0,0,0,0,0,0,0,0,0,0,0,0,0,0,0,0,0,9,17,30,41,58,86,108,185,216,287,331,366,411,443,474,493,572,617,659,695,717,738,760,781,797,810,822,840
"kendryte/nncase","Open deep learning compiler stack for Kendryte K210 AI accelerator",false,1050.3,8.1,289,30,91,179,14,17,"neural-network, deep-learning, kendryte",13,14,14,0.5,10.81,3.87,,,0.1,0.45,0.46,0.43,0.38,,0.27,0,0,0,0,0,0,0,0,0,0,0,0,0,0,2,2,2,2,3,3,3,3,7,9,10,15,25,36,39,48,56,65,73,85,102,117,128,144,156,168,181,191,203,219,226,245,261,283,288
"lukemelas/EfficientNet-PyTorch","A PyTorch implementation of EfficientNet",false,629.6,8.2,5471,122,1089,223,44,1,"",16,1,99,3.51,4.04,3.85,3.57,3.93,4.37,4.92,4.83,5.98,,,8.71,0,0,0,0,0,0,0,0,0,0,0,0,0,0,0,0,0,0,0,0,0,0,0,0,0,0,0,0,1425,1760,2012,2182,2373,2594,2918,3129,3277,3450,3730,3972,4192,4409,4578,4727,4880,5010,5177,5326,5460
"gunrock/gunrock","High-Performance Graph Primitives on GPUs",false,2663.7,6.2,706,73,161,581,271,10,"gunrock, cuda, graph-processing, graph-analytics, gpu, graph-primitives, graph-engine",38,27,25,0.89,7.9,3.81,0.14,0.29,0.16,0.16,0.19,0.29,0.32,0.33,0.27,175,181,189,215,223,235,241,252,259,267,273,284,293,300,310,322,333,339,351,357,366,385,419,442,469,487,496,504,511,518,535,548,560,576,587,591,599,609,617,626,642,651,669,675,684,689,692,698,705
"open-mmlab/mmcv","OpenMMLab Computer Vision Foundation",false,910.5,0.6,2200,73,582,248,586,15,"",86,16,53,1.88,5.37,3.78,1.14,1.79,2.27,2.45,2.76,2.58,2.2,,2.54,0,0,0,0,0,0,0,0,0,0,0,0,0,0,0,0,0,0,0,0,351,487,530,563,589,637,677,743,793,888,950,1026,1084,1142,1180,1226,1254,1292,1348,1404,1463,1584,1692,1775,1876,1971,2040,2126,2196
"quic/aimet","AIMET is a library that provides advanced quantization and compression techniques for trained neural network models.",false,302.1,0.5,438,26,66,224,238,2,"quantization, deep-learning, compression, open-source, machine-learning, pruning, auto-ml, network-compression, deep-neural-networks, network-quantization, opensource",9,29,18,0.64,9.17,3.77,0.43,0.93,0.85,0.96,0.81,,,,1.51,0,0,0,0,0,0,0,0,0,0,0,0,0,0,0,0,0,0,0,0,0,0,0,0,0,0,0,0,0,0,0,0,0,0,0,0,0,0,0,152,236,268,288,312,320,349,385,411,438
"firesim/firesim","FireSim: Easy-to-use, Scalable, FPGA-accelerated Cycle-accurate Hardware Simulation in the Cloud",false,1011,0.5,404,44,111,218,508,14,"fpga, risc-v, simulation, datacenter, hardware, firesim, rocket-chip, boom, cloud",39,29,17,0.6,9.39,3.76,0.43,0.5,0.59,0.45,0.33,0.31,0.35,,0.4,0,0,0,0,0,0,0,0,0,0,0,0,0,0,0,0,20,30,46,62,82,114,129,133,142,163,173,193,207,214,226,235,246,261,271,279,288,301,306,314,323,334,339,343,351,359,370,382,401
"Xilinx/Vitis_Libraries","Vitis Libraries",false,513,21.8,302,44,143,43,3,5,"",22,17,14,0.5,10.34,3.76,0.14,0.57,0.49,0.42,0.47,0.47,,,0.6,0,0,0,0,0,0,0,0,0,0,0,0,0,0,0,0,0,0,0,0,0,0,0,0,0,0,0,0,0,0,0,0,52,82,107,120,130,147,162,176,189,202,216,225,242,262,270,285,302
"zylo117/Yet-Another-EfficientDet-Pytorch","The pytorch re-implement of the official efficientdet with SOTA performance in real time and pretrained weights.",false,317.7,26.4,4447,113,1117,559,34,4,"efficientdet, efficientnet, pytorch, object-detection, detection, bifpn",14,1,84,2.97,4.21,3.75,2.14,1.93,2.56,3.52,3.86,,,,14.14,0,0,0,0,0,0,0,0,0,0,0,0,0,0,0,0,0,0,0,0,0,0,0,0,0,0,0,0,0,0,0,0,0,0,0,0,0,0,2069,2950,3299,3528,3738,3876,4005,4122,4264,4365,4444
"facebookresearch/maskrcnn-benchmark","Fast, modular reference implementation of Instance Segmentation and Object Detection algorithms in PyTorch.",false,847.1,7.5,8182,189,2360,1009,291,1,"",112,569,126,4.46,3.44,3.75,0.43,1.29,1.38,2.43,2.68,3.16,6.08,,9.69,0,0,0,0,0,0,0,0,0,0,0,0,0,0,0,0,0,0,0,0,0,2549,3052,3405,3746,4195,4597,5030,5344,5652,5948,6164,6455,6632,6808,6956,7027,7139,7265,7376,7498,7598,7691,7792,7864,7959,8070,8139,8185
"tensorflow/serving","A flexible, high-performance serving system for machine learning models",false,1848.9,0,4874,245,1925,1246,562,50,"machine-learning, deep-learning, deep-neural-networks, python, cpp, neural-network, ml, serving, tensorflow",206,56,89,3.15,4.07,3.74,1.14,1.5,1.64,1.72,1.84,2.1,2.55,2.65,2.67,833,927,986,1045,1138,1196,1277,1350,1421,1506,1598,1667,1766,1873,1953,2056,2176,2262,2396,2489,2604,2707,2813,2926,3006,3115,3222,3328,3436,3532,3640,3711,3815,3899,3977,4054,4101,4168,4244,4335,4412,4470,4532,4594,4649,4709,4772,4816,4867
"D-X-Y/Awesome-AutoDL","A curated list of automated deep learning (including neural architecture search and hyper-parameter optimization) resources.",false,856.5,11.3,1553,103,246,16,26,0,"neural-architecture-search, nas, automl, deep-learning, awesome, autodl, hyper-parameter-optimization",23,1,41,1.45,5.89,3.69,,0.71,1.02,1.03,1.29,1.67,1.93,,1.81,0,0,0,0,0,0,0,0,0,0,0,0,0,0,0,0,0,0,0,0,50,79,87,107,135,153,194,268,354,430,509,570,657,737,823,907,938,1015,1088,1134,1198,1254,1312,1378,1419,1454,1493,1516,1549
"chipsalliance/firrtl","Flexible Intermediate Representation for RTL",false,2195.9,0,379,64,133,592,1486,31,"firrtl, intermediate, representation, hardware, transformation, compiler",68,70,16,0.57,9.42,3.69,,0.07,0.2,0.27,0.23,0.27,0.29,0.2,0.2,31,35,36,41,42,46,48,51,55,58,64,71,73,76,82,87,92,99,107,114,119,132,143,154,165,176,188,195,207,213,226,233,247,258,262,267,278,291,297,308,318,327,333,341,347,351,359,369,377
"Xilinx/PYNQ","Python Productivity for ZYNQ",false,1855.8,14.1,1132,115,593,389,795,15,"pynq",54,22,33,1.17,6.5,3.67,,0.36,0.53,0.69,0.75,0.81,0.84,,0.68,86,101,119,136,149,160,174,186,205,221,233,248,260,270,292,308,322,343,362,388,416,444,466,493,520,556,593,619,637,662,684,705,740,769,792,811,837,862,885,910,938,961,995,1015,1035,1068,1097,1115,1132
"shining1984/PL-Compiler-Resource","Á®ãÂ∫èËØ≠Ë®Ä‰∏éÁºñËØëÊäÄÊúØÁõ∏ÂÖ≥ËµÑÊñôÔºàÊåÅÁª≠Êõ¥Êñ∞‰∏≠Ôºâ",false,345.5,33.6,536,32,66,3,5,0,"compiler, compilers-design, software-analysis, virtual-machine, runtime, course, book, paper, blog, conference, journal, programming-languages",5,1,20,0.71,8.32,3.66,0.86,1.14,2.04,1.63,1.34,,,,1.56,0,0,0,0,0,0,0,0,0,0,0,0,0,0,0,0,0,0,0,0,0,0,0,0,0,0,0,0,0,0,0,0,0,0,0,0,0,28,136,190,209,224,290,347,359,385,425,471,534
"dmlc/treelite","model compiler for decision tree ensembles",false,1329.9,9,467,47,69,111,141,8,"",26,8,18,0.64,8.6,3.61,,0.14,0.56,0.43,0.36,0.35,0.35,,0.35,0,0,0,0,0,0,2,23,36,54,62,67,77,83,93,101,109,115,124,141,159,184,192,196,211,224,232,246,255,264,272,279,288,308,317,324,335,340,352,359,373,388,398,405,414,424,429,445,464
"rwightman/pytorch-image-models","PyTorch image models, scripts, pretrained weights -- (SE)ResNet/ResNeXT, DPN, EfficientNet, MixNet, MobileNet-V3/V2, MNASNet, Single-Path NAS, FBNet, and more",false,746.6,1.1,7216,191,1028,250,100,16,"pytorch, imagenet-classifier, resnet, dual-path-networks, cnn-classification, pretrained-models, pretrained-weights, distributed-training, mobile-deep-learning, mobilenet-v2, mnasnet, mobilenetv3, efficientnet, augmix, randaugment, mixnet, efficientnet-training",24,1,110,3.9,3.4,3.56,13.71,18.07,17.98,18.6,15.14,12.67,,,10.85,0,0,0,0,0,0,0,0,0,0,0,0,0,0,0,0,0,0,0,0,0,0,0,0,0,0,0,165,704,840,1432,1563,1666,1786,1915,2097,2481,2705,3189,3503,3825,4099,4343,4564,4842,5409,5895,6558,7106
"MVIG-SJTU/AlphaPose","Real-Time and Accurate Full-Body Multi-Person Pose Estimation&Tracking System",false,1127.7,11.7,4831,206,1339,774,37,0,"pose-estimation, posetracking, tracking, gpu, pytorch, realtime, human-pose-estimation, human-tracking, human-pose-tracking, alpha-pose, alphapose, person-pose-estimation, accurate, crowdpose, full-body, whole-body, skeleton, keypoints, human-computer-interaction, human-joints",19,17,84,2.97,3.88,3.55,2.29,3,3.29,3.54,3.55,3.59,3.66,,4.34,0,0,0,0,0,0,0,0,0,0,0,0,549,683,780,853,929,995,1056,1446,1582,1716,1866,2029,2153,2335,2475,2592,2709,2826,2941,3018,3104,3210,3337,3441,3517,3616,3746,3863,3995,4086,4178,4279,4375,4503,4625,4726,4826
"google/xls","XLS: Accelerated HW Synthesis",false,285.9,0,486,47,45,208,94,0,"",40,31,18,0.64,8.26,3.52,1.14,0.71,0.79,0.58,2.64,,,,1.75,0,0,0,0,0,0,0,0,0,0,0,0,0,0,0,0,0,0,0,0,0,0,0,0,0,0,0,0,0,0,0,0,0,0,0,0,0,0,0,1,4,4,5,367,416,433,447,461,490
"eriklindernoren/PyTorch-YOLOv3","Minimal PyTorch implementation of YOLOv3",false,1003.2,1.3,5654,102,2236,581,50,0,"",13,2,91,3.22,3.59,3.46,2.14,2.43,3.02,4.28,4.28,5.82,6.34,,5.65,0,0,0,0,0,0,0,0,0,0,0,0,0,0,0,0,255,323,390,501,581,688,795,912,1022,1179,1367,1583,1783,2036,2283,2458,2650,2896,3158,3388,3523,3758,3994,4250,4521,4703,4867,5002,5117,5258,5422,5556,5650
"SpinalHDL/SpinalHDL","Scala based HDL",false,2215.4,1.9,673,63,134,161,219,2,"scala, rtl, vhdl, verilog, fpga",43,6,22,0.78,7.29,3.46,0.57,0.64,0.79,0.81,0.62,0.62,0.53,0.36,0.31,76,82,87,95,97,100,119,125,130,143,151,172,178,191,196,200,205,212,217,227,232,240,261,275,287,298,308,320,328,339,347,360,369,386,405,425,448,465,475,491,511,535,559,570,584,599,620,648,673
"huawei-noah/AdderNet","Code for paper "" AdderNet: Do We Really Need Multiplications in Deep Learning?""",false,358.5,9.7,678,21,122,43,0,0,"pytorch, imagenet, convolutional-neural-networks, cvpr2020, efficient-inference",4,4,22,0.78,7.24,3.44,0.43,0.71,0.92,1.13,0.87,,,,1.9,0,0,0,0,0,0,0,0,0,0,0,0,0,0,0,0,0,0,0,0,0,0,0,0,0,0,0,0,0,0,0,0,0,0,0,0,0,214,355,415,447,499,519,534,556,574,630,648,678
"google/riscv-dv","Random instruction generator for RISC-V processor verification",false,756.5,1.3,421,76,174,229,550,0,"",36,9,16,0.57,8.48,3.44,0.14,0.5,0.59,0.52,0.57,0.61,0.54,,0.56,0,0,0,0,0,0,0,0,0,0,0,0,0,0,0,0,0,0,0,0,0,0,0,0,26,41,49,54,63,89,98,109,122,145,173,188,199,229,255,267,284,302,316,329,355,373,391,401,420
"tiny-dnn/tiny-dnn","header only, dependency-free deep learning framework in C++14",false,2984.3,2.4,5305,354,1339,570,474,5,"c-plus-plus, deep-learning, machine-learning, neural-network",74,5,86,3.05,3.62,3.42,0.43,0.43,0.62,0.87,0.87,1.03,1.15,2.69,1.78,2345,2469,2605,2714,2813,2892,2970,3084,3187,3291,3378,3507,3642,3729,3820,3914,3998,4077,4143,4199,4253,4315,4374,4422,4462,4499,4542,4594,4636,4677,4709,4737,4788,4831,4860,4900,4925,4962,4994,5048,5078,5106,5142,5168,5189,5221,5250,5281,5302
"msnh2012/Msnhnet","üî• (yolov3 yolov4 yolov5 unet ...)A mini pytorch inference framework which inspired from darknet.",false,227.4,0.2,349,17,67,15,89,3,"yolov3, yolov4, yolov5, pytorch, inference-engine, darknet, jetson-nx, mobilenetv2, mobilenetyolo",9,7,14,0.5,8.95,3.41,0.14,0.5,0.46,0.75,1.57,,,,1.55,0,0,0,0,0,0,0,0,0,0,0,0,0,0,0,0,0,0,0,0,0,0,0,0,0,0,0,0,0,0,0,0,0,0,0,0,0,0,0,0,0,36,63,189,228,281,312,335,351
"awslabs/sockeye","Sequence-to-sequence framework with a focus on Neural Machine Translation based on Apache MXNet",false,1350.5,9.4,987,54,293,239,687,53,"deep-learning, deep-neural-networks, mxnet, machine-learning, machine-translation, neural-machine-translation, encoder-decoder, attention-mechanism, sequence-to-sequence, sequence-to-sequence-models, sockeye, attention-is-all-you-need, attention-alignment-visualization, attention-model, seq2seq, translation, transformer-architecture, transformer, transformer-network, gluon",57,17,28,0.99,6.33,3.41,,,0.1,0.16,0.2,0.25,0.36,,0.73,0,0,0,0,69,112,173,200,220,247,276,351,379,412,449,492,523,542,569,590,618,657,676,695,721,742,767,778,791,806,820,832,847,857,867,879,893,905,913,921,933,940,950,957,969,972,976,983,990
"D-X-Y/AutoDL-Projects","Automated deep learning algorithms implemented in PyTorch.",false,748.2,23.3,1128,48,211,91,4,0,"nas, neural-architecture-search, automl, pytorch, autodl",5,1,30,1.06,5.93,3.34,,0.36,0.53,0.85,0.89,1.17,,,1.65,0,0,0,0,0,0,0,0,0,0,0,0,0,0,0,0,0,0,0,0,0,0,0,0,0,0,48,110,143,196,234,254,357,416,528,622,697,726,778,810,843,882,963,999,1024,1048,1079,1109,1127
"NVIDIA/thrust","The C++ parallel algorithms library.",false,3270.8,1.1,3175,205,555,747,638,36,"cuda, nvidia-hpc-sdk, thrust, gpu, cpp, cpp11, cpp14, cpp17, cpp20, cxx, cxx11, cxx14, cxx17, cxx20, algorithms, nvidia",70,118,59,2.09,4.15,3.3,1.14,1.5,1.51,1.81,1.7,1.64,1.58,1.18,0.97,1284,1310,1343,1389,1422,1449,1472,1501,1528,1566,1605,1627,1658,1687,1715,1751,1780,1807,1834,1875,1904,1936,1966,1994,2016,2193,2234,2279,2309,2340,2384,2413,2450,2495,2522,2553,2576,2637,2665,2711,2771,2801,2862,2906,2961,3008,3063,3127,3174
"zhanghang1989/ResNeSt","ResNeSt: Split-Attention Networks",false,339.1,20.7,2627,55,414,102,35,4,"deep-learning, resnet, resnest, pytorch, detectron-models, split-attention-networks",4,1,52,1.84,4.42,3.3,0.57,1.36,1.94,2.47,2.58,,,,8.26,0,0,0,0,0,0,0,0,0,0,0,0,0,0,0,0,0,0,0,0,0,0,0,0,0,0,0,0,0,0,0,0,0,0,0,0,0,0,216,1381,1846,2036,2149,2237,2310,2394,2494,2560,2621
"flame/blis","BLAS-like Library Instantiation Software Framework",false,2583.2,12.2,843,67,186,315,166,0,"blis, blas, blas-libraries, linear-algebra, linear-algebra-library, matrix-multiplication, matrix-calculations, matrix-library, matrix-functions, high-performance, high-performance-computing",39,7,24,0.85,6.35,3.25,0.29,0.57,0.69,0.48,0.44,0.55,0.56,0.41,0.33,192,202,206,214,217,224,228,232,241,254,263,269,274,281,292,309,326,338,352,362,389,401,410,423,432,448,475,488,516,527,542,564,580,590,605,617,641,659,673,697,714,736,761,777,786,798,807,821,843
"microsoft/DeepSpeed","DeepSpeed is a deep learning optimization library that makes distributed training easy, efficient, and effective.",false,391.1,0,4333,99,413,306,455,5,"deep-learning, pytorch, gpu, machine-learning, billion-parameters, data-parallelism, model-parallelism",50,17,71,2.51,3.66,3.23,7.86,8.5,13.18,7.21,8.45,7.67,,,11.57,0,0,0,0,0,0,0,0,0,0,0,0,0,0,0,0,0,0,0,0,0,0,0,0,0,0,0,0,0,0,0,0,0,0,0,0,1517,2082,2224,2346,2570,2647,2777,3164,3528,3660,3804,3917,4320
"KastnerRG/pp4fpgas","Parallel Programming for FPGAs -- An open-source high-level synthesis book",false,1015.1,9.8,304,50,81,8,12,0,"",14,23,12,0.42,8.81,3.21,1.29,0.86,0.56,0.42,0.35,0.27,0.27,,0.3,0,0,0,0,0,0,0,0,0,0,0,0,0,0,0,8,54,66,76,79,83,91,95,100,105,112,117,127,133,141,154,162,170,180,186,195,203,208,215,223,226,234,239,243,249,264,275,285,304
"google/automl","Google Brain AutoML",false,342.7,2.5,3762,126,982,678,271,2,"automl, efficientdet, object-detection, detection, efficientnet",36,14,64,2.27,3.8,3.2,1.71,1.71,2.17,2.98,3.63,,,,11.06,0,0,0,0,0,0,0,0,0,0,0,0,0,0,0,0,0,0,0,0,0,0,0,0,0,0,0,0,0,0,0,0,0,0,0,0,0,61,1923,2367,2641,2866,3089,3251,3372,3480,3594,3685,3753
"MagicRock100/FaceKit","Implementations of PCN (an accurate real-time rotation-invariant face detector) and other face-related algorithms",false,1037.7,29.8,1027,73,289,98,1,0,"cvpr2018, face-detection, face-tracking, face-alignment, real-time, rotation-invariant, cpu",2,1,27,0.96,5.87,3.2,,0.21,0.26,0.26,0.2,0.26,0.44,,0.99,0,0,0,0,0,0,0,0,0,0,0,0,0,0,10,198,230,263,284,295,309,554,620,680,704,752,775,799,825,847,861,873,894,903,914,922,933,947,954,963,975,983,990,998,999,1003,1012,1018,1031
"huawei-noah/ghostnet","[CVPR2020] GhostNet: More Features from Cheap Operations",false,459.2,26.5,1348,30,260,57,1,1,"convolutional-neural-networks, mobilenet, efficient-inference, mobilenetv3, imagenet, model-compression, fbnet, cvpr, cvpr2020, tensorflow, pytorch",4,3,32,1.13,5.3,3.17,0.71,1.14,1.25,1.88,1.99,3.42,,,3.02,0,0,0,0,0,0,0,0,0,0,0,0,0,0,0,0,0,0,0,0,0,0,0,0,0,0,0,0,0,0,0,0,0,0,66,90,97,633,723,771,831,930,984,1037,1106,1175,1253,1309,1347
"wang-xinyu/tensorrtx","Implementation of popular deep learning networks with TensorRT network definition API",false,450.5,10.4,1677,54,436,361,48,0,"tensorrt, alexnet, googlenet, mnasnet, resnet, squeezenet, vgg, yolov3, inceptionv3, mobilenetv2, shufflenetv2, mobilenetv3, resnext, senet, yolov3-spp, retinaface, yolov4, arcface, yolov5, crnn",19,2,37,1.31,4.92,3.17,1.57,4.14,4.83,5.48,5.55,4.5,,,3.74,0,0,0,0,0,0,0,0,0,0,0,0,0,0,0,0,0,0,0,0,0,0,0,0,0,0,0,0,0,0,0,0,0,0,24,26,27,37,66,164,336,497,656,832,985,1169,1352,1523,1671
"wsmoses/Enzyme","High-performance automatic differentiation of LLVM.",false,721.7,0.2,393,23,20,34,113,1,"enzyme, llvm, ad, automatic-differentiation, c, cpp, tensorflow, pytorch, machine-learning, gradient, derivative, high-performance, rust, clang, deep-learning, scientific-computing, simulation, differentiable-programming, compiler",816,21,14,0.5,7.95,3.15,1.29,4.64,4.31,3.4,2.11,1.06,,,0.73,0,0,0,0,0,0,0,0,0,0,0,0,0,0,0,0,0,0,0,0,0,0,0,0,0,0,0,0,0,0,0,1,1,1,2,2,2,2,2,3,3,3,4,4,62,78,103,257,390
"openhwgroup/cva6","The CORE-V CVA6 is an Application class 6-stage RISC-V CPU capable of booting Linux",false,1121.1,0,1118,80,277,339,271,3,"systemverilog-hdl, cpu, riscv, asic, fpga, rv64gc, ariane, verilator, questasim",50,63,28,0.99,5.59,3.14,0.14,0.36,0.39,0.67,0.69,1.28,1.02,,1.01,0,0,0,0,0,0,0,0,0,0,0,0,11,220,229,246,259,266,272,286,298,314,328,345,367,394,418,443,470,485,508,521,547,567,593,607,642,660,686,719,744,952,985,1009,1022,1050,1072,1098,1112
"DingXiaoH/RepVGG","RepVGG: Making VGG-style ConvNets Great Again",false,48.5,3.7,1059,16,119,25,2,0,"",1,1,27,0.96,5.69,3.14,3,7,20.09,,,,,,23.02,0,0,0,0,0,0,0,0,0,0,0,0,0,0,0,0,0,0,0,0,0,0,0,0,0,0,0,0,0,0,0,0,0,0,0,0,0,0,0,0,0,0,0,0,0,0,0,440,1052
"microsoft/pai","Resource scheduling and cluster management for AI",false,1241.4,6.5,1982,107,451,1882,3389,25,"kubernetes, resource-management, scheduling, machine-learning, tensorflow, cluster-manager, gpu, model-training, ai, artificial-intelligence, pytorch, jupyter, chainer, ai-frameworks, cluster-management, cloud, on-premise, gpu-cluster, hacktoberfest",10000,19679,41,1.45,4.61,3.14,0.57,0.71,0.85,1.13,1.12,1.18,1.74,,1.63,0,0,0,0,0,0,0,0,0,2,7,26,54,87,115,149,287,328,373,415,480,542,589,676,710,784,914,999,1067,1130,1201,1277,1321,1377,1430,1523,1548,1584,1622,1662,1709,1745,1774,1809,1845,1876,1912,1953,1981
"intel/compute-runtime","Intel¬Æ Graphics Compute Runtime for oneAPI Level Zero and OpenCL‚Ñ¢ Driver",false,1237.1,0,579,69,149,277,120,151,"intel, opencl, gpu, compute, gpgpu, intel-hd-graphics",110,26,18,0.64,6.94,3.13,0.14,0.29,0.39,0.38,0.41,0.5,0.5,,0.48,0,0,0,0,0,0,0,0,0,2,2,3,13,52,61,78,92,109,120,132,152,172,184,193,214,229,255,269,292,308,319,326,340,357,369,380,397,423,444,462,481,492,505,521,529,544,556,566,579
"riscv/riscv-gnu-toolchain","GNU toolchain for RISC-V, including GCC",false,2354.6,0.5,956,107,440,544,298,6,"",49,18,25,0.89,5.83,3.11,0.43,1.07,1.64,1.45,1.48,1.24,1,0.52,0.41,34,35,37,42,44,47,54,58,64,68,76,91,95,102,105,113,120,130,137,156,166,177,191,208,222,232,245,261,286,310,330,353,382,413,442,474,501,528,555,582,609,643,681,726,766,819,863,901,953
"herumi/xbyak","a JIT assembler for x86(IA-32)/x64(AMD64, x86-64) MMX/SSE/SSE2/SSE3/SSSE3/SSE4/FPU/AVX/AVX2/AVX-512 by C++ header",false,3960.8,12.9,1268,108,179,63,53,0,"",27,1,30,1.06,5.28,3.09,0.14,0.36,0.53,0.79,0.73,0.71,0.68,0.56,0.32,423,428,441,449,457,463,472,476,490,502,511,524,539,549,569,586,602,609,620,639,665,694,702,748,767,786,806,825,854,879,886,896,911,938,955,990,1007,1020,1043,1067,1086,1113,1133,1150,1171,1193,1231,1249,1266
"JDAI-CV/fast-reid","SOTA Re-identification Methods and Toolbox",false,987.5,4.3,1605,57,420,364,48,3,"person-reid, open-reid, re-identification, person-reidentification, image-retrieval, re-ranking, random-erasing, image-search, apex, toolbox, sota, computer-vision, pytorch, baseline, reids",13,18,35,1.24,4.86,3.08,0.86,1.64,3.06,2.81,2.77,3.42,2.05,,1.66,0,0,0,0,0,0,0,0,0,0,0,0,0,0,0,0,0,2,37,51,59,67,74,97,107,134,164,191,204,220,235,243,259,288,325,341,353,370,424,465,830,979,1095,1179,1268,1344,1437,1507,1602
"clab/dynet","DyNet: The Dynamic Neural Network Toolkit",false,2200.9,21.2,3182,191,701,909,723,9,"",136,36,54,1.91,3.79,3.02,0.14,0.29,0.56,0.54,0.49,0.58,0.82,1.7,1.45,1089,1175,1224,1277,1367,1449,1487,1623,1714,1775,1850,1929,1976,2064,2117,2163,2205,2264,2317,2354,2408,2463,2509,2543,2584,2629,2673,2720,2769,2803,2827,2855,2879,2903,2929,2952,2970,2995,3014,3036,3057,3072,3091,3104,3116,3130,3146,3163,3180
"xupsh/pp4fpgas-cn","‰∏≠ÊñáÁâà Parallel Programming for FPGAs",false,1004.3,0.1,332,22,96,11,59,2,"fpga, hls, parallel-programming, pynq",11,4,12,0.42,8.06,3.02,,,0.13,0.19,0.21,0.27,0.38,,0.33,0,0,0,0,0,0,0,0,0,0,0,0,0,0,0,0,6,8,12,16,21,36,41,47,54,62,74,94,139,154,161,175,186,202,213,227,233,246,255,264,268,273,294,299,306,314,321,327,334
"NVIDIA-AI-IOT/tf_trt_models","TensorFlow models accelerated with NVIDIA TensorRT",false,965.8,3.1,615,29,219,70,11,0,"tensorflow, tensorrt, nvidia, jetson, tx1, tx2, models, neural-network, object-detection, image-classification, train, inference, realtime, optimize",6,12,18,0.64,6.53,3.01,,0.14,0.2,0.28,0.24,0.33,0.58,,0.64,0,0,0,0,0,0,0,0,0,0,0,0,0,0,0,0,0,31,54,62,95,122,152,171,189,214,243,278,306,328,358,383,398,429,449,476,494,510,527,536,548,555,570,577,583,587,593,607,615
"aws/aws-fpga","Official repository of the AWS EC2 FPGA Hardware and Software Development Kit",false,1565.9,33.9,1074,277,399,72,434,40,"",58,22,26,0.92,5.4,2.99,0.14,0.29,0.36,0.45,0.52,0.51,0.52,,0.7,29,36,39,310,323,340,361,385,407,432,462,477,492,501,515,539,554,565,577,593,608,633,654,675,694,708,728,753,770,787,794,804,821,838,862,875,888,896,908,923,943,961,979,990,1016,1033,1047,1062,1075
"tianzhi0549/FCOS","FCOS: Fully Convolutional One-Stage Object Detection (ICCV'19)",false,679.6,7.8,2532,63,507,323,9,0,"fcos, object-detection, one-stage, anchor-free, pytorch, computer-vision, iccv2019",9,3,46,1.63,4.05,2.99,0.86,0.64,1.18,1.65,1.73,1.98,,,3.74,0,0,0,0,0,0,0,0,0,0,0,0,0,0,0,0,0,0,0,0,0,0,0,0,0,0,476,747,882,1005,1144,1264,1376,1498,1639,1754,1805,1875,1974,2050,2104,2161,2213,2269,2318,2376,2443,2492,2529
"pytorch/xla","Enabling PyTorch on Google TPU",false,834.9,0.7,1207,44,174,718,2060,3,"",82,402,28,0.99,5.18,2.98,0.57,1.21,1.15,1.18,1.38,1.55,1.46,,1.44,0,0,0,0,0,0,0,0,0,0,0,0,0,0,0,0,0,0,0,0,0,27,87,101,134,155,175,205,252,293,322,339,449,511,552,600,635,704,749,813,868,916,949,1003,1054,1092,1138,1165,1202
"aksnzhy/xlearn","High performance, easy-to-use, and scalable machine learning (ML) package, including linear model (LR), factorization machines (FM), and field-aware factorization machines (FFM) for Python and CLI interface.",false,1348.5,20.2,2840,106,509,286,70,15,"machine-learning, statistics, data-science, data-analysis, factorization-machines, ffm, fm",25,2,49,1.74,3.85,2.95,0.29,0.5,0.56,0.64,0.64,0.7,1.03,,2.22,0,0,0,0,0,0,1,10,34,100,1187,1290,1335,1377,1498,1582,1629,1666,1711,1789,1858,1918,1972,2044,2083,2137,2193,2243,2295,2342,2395,2428,2476,2510,2540,2568,2582,2603,2623,2647,2678,2695,2723,2747,2760,2781,2800,2821,2840
"zerollzeng/tiny-tensorrt","A simple, efficient, easy-to-use Nvidia TensorRT wrapper for CNN, support c++ and python.",false,545.4,2.3,344,20,48,38,2,1,"tensorrt",1,1,12,0.42,7.78,2.95,,0.21,0.43,0.57,0.55,0.82,,,0.64,0,0,0,0,0,0,0,0,0,0,0,0,0,0,0,0,0,0,0,0,0,0,0,0,0,0,0,0,0,0,0,2,4,10,18,25,42,134,164,180,200,221,242,267,274,290,309,329,344
"tensorflow/federated","A framework for implementing federated learning",false,797.9,0,1436,66,344,223,908,21,"",84,35,31,1.1,4.82,2.94,0.71,0.71,0.85,1.07,1.3,1.49,1.96,,1.8,0,0,0,0,0,0,0,0,0,0,0,0,0,0,0,0,0,0,0,0,0,0,1,2,4,258,335,404,467,529,586,636,698,759,814,850,887,943,978,1027,1073,1141,1195,1237,1283,1333,1370,1405,1433
"ermig1979/Simd","C++ image processing and machine learning library with using of SIMD: SSE, SSE2, SSE3, SSSE3, SSE4.1, SSE4.2, AVX, AVX2, AVX-512, VMX(Altivec) and VSX(Power7), NEON for ARM.",false,2156.2,0.2,1243,107,296,119,21,32,"simd, sse, avx, neon, image-processing, altivec, c-plus-plus, vsx, sse2, avx2, ssse3, simd-library, sse41, arm, powerpc, lbp, haar-cascade, avx512, machine-learning, neural-network",12,2,28,0.99,5.03,2.93,0.57,0.64,0.76,0.91,0.92,0.8,0.91,0.67,0.58,99,118,131,148,167,193,212,228,238,256,283,307,327,339,366,389,414,426,448,468,492,512,534,553,574,616,648,707,738,768,792,822,840,859,889,920,948,976,1002,1021,1041,1053,1075,1088,1130,1159,1188,1219,1242
"tensorflow/tpu","Reference models and tools for Cloud TPUs.",false,1316.8,6,4132,352,1501,403,494,0,"",542,522,62,2.2,3.35,2.91,0.86,1.21,1.38,2.1,2.39,3.19,4.77,,3.18,0,0,0,0,0,0,12,18,34,36,42,52,162,218,242,303,323,355,426,446,508,551,584,612,647,682,716,788,1613,1923,2166,2285,2363,2461,2701,2842,2964,3088,3262,3386,3487,3597,3690,3776,3860,3935,4021,4085,4128
"PaddlePaddle/PaddleSlim","PaddleSlim is an open-source library for deep model compression and architecture search.",false,429.7,7.4,651,82,130,159,507,2,"model-compression, neural-architecture-search, knowledge-distillation, pruning, quantization, nas, hyperparameter-search, autodl",34,314,18,0.64,6.17,2.89,,1.21,0.82,0.62,0.92,1.71,,,1.52,0,0,0,0,0,0,0,0,0,0,0,0,0,0,0,0,0,0,0,0,0,0,0,0,0,0,0,0,0,0,0,0,0,0,5,16,24,99,344,372,420,458,481,500,559,591,610,623,650
"NVIDIA/Megatron-LM","Ongoing research training transformer language models at scale, including: BERT & GPT-2",false,699.2,11.8,1766,76,330,51,18,1,"",25,105,35,1.24,4.42,2.89,0.71,1.21,1.68,1.94,1.78,1.54,,,2.53,0,0,0,0,0,0,0,0,0,0,0,0,0,0,0,0,0,0,0,0,0,0,0,0,0,0,38,118,129,136,752,931,1013,1080,1105,1147,1200,1248,1276,1316,1359,1396,1438,1482,1530,1586,1656,1712,1763
"dmlc/decord","An efficient video loader for deep learning with smart shuffling that's super easy to digest",false,760.9,0.8,500,22,39,93,41,14,"video-loader",14,7,15,0.53,6.69,2.88,0.43,0.57,0.76,0.79,0.89,1.02,,,0.74,0,0,0,0,0,0,0,0,0,0,0,0,0,0,0,0,0,0,0,0,0,0,0,0,0,0,6,36,48,61,76,80,86,98,103,113,123,165,188,214,258,308,336,366,400,425,441,475,498
"dog-qiuqiu/Yolo-Fastest",":zap: Yolo universal target detection model combined with EfficientNet-lite, the calculation amount is only 230Mflops(0.23Bflops), and the model size is 1.3MB",false,180.7,8.5,1015,43,235,42,1,1,"",2,1,24,0.85,5.27,2.87,0.43,1.5,1.28,1.45,,,,,5.78,0,0,0,0,0,0,0,0,0,0,0,0,0,0,0,0,0,0,0,0,0,0,0,0,0,0,0,0,0,0,0,0,0,0,0,0,0,0,0,0,0,0,0,544,793,879,923,972,1012
"pytorch/serve","Model Serving on PyTorch",false,503.7,0.2,1575,49,240,496,476,4,"",109,430,32,1.13,4.53,2.86,1.29,1.79,2.17,2.52,2.48,4.3,,,3.13,0,0,0,0,0,0,0,0,0,0,0,0,0,0,0,0,0,0,0,0,0,0,0,0,0,0,0,0,0,0,0,0,1,1,2,2,2,7,12,773,910,999,1118,1201,1277,1339,1428,1504,1570
"mapillary/inplace_abn","In-Place Activated BatchNorm for Memory-Optimized Training of DNNs",false,1182.4,35.2,1111,37,160,197,7,19,"",18,59,25,0.89,5.02,2.82,0.14,0.29,0.46,0.43,0.51,0.65,0.78,,0.95,0,0,0,0,0,0,0,0,0,0,41,96,152,180,199,215,238,275,308,345,378,406,445,496,541,568,598,631,655,692,734,764,782,807,836,859,872,894,927,960,975,1000,1016,1040,1055,1071,1084,1095,1111
"FloopCZ/tensorflow_cc","Build and install TensorFlow C++ API library.",false,1365,36.1,620,36,163,184,70,13,"tensorflow, tensorflow-cc, tensorflow-cmake, cpp, c-plus-plus",9,1,17,0.6,6.12,2.82,,0.14,0.23,0.33,0.34,0.36,0.41,,0.46,0,0,0,0,3,13,22,34,43,55,88,98,112,132,145,171,196,203,221,246,255,270,288,307,321,339,358,370,380,400,413,425,431,446,463,477,487,500,518,528,537,552,557,569,579,589,604,612,621
"tensorflow/tfx"," TFX is an end-to-end platform for deploying production ML pipelines",false,744.1,0,1323,98,397,508,2745,37,"tensorflow, machine-learning, apache-beam",130,55,28,0.99,4.72,2.81,1.29,1.57,1.18,1.24,1.19,1.26,1.78,,1.78,0,0,0,0,0,0,0,0,0,0,0,0,0,0,0,0,0,0,0,0,0,0,0,0,19,153,237,318,406,466,527,595,665,735,779,824,859,900,952,986,1025,1058,1099,1137,1175,1205,1251,1281,1319
"YonghaoHe/LFFD-A-Light-and-Fast-Face-Detector-for-Edge-Devices","A light and fast one class detection framework for edge devices. We provide face detector, head detector, pedestrian detector, vehicle detector......",false,575.7,1.5,1122,80,299,98,8,0,"",3,1,25,0.89,4.97,2.8,0.14,0.43,0.36,0.55,0.54,0.85,,,2.02,0,0,0,0,0,0,0,0,0,0,0,0,0,0,0,0,0,0,0,0,0,0,0,0,0,0,0,0,0,0,88,440,592,684,751,787,810,843,891,923,957,995,1022,1039,1052,1071,1089,1110,1121
"rafaelpadilla/Object-Detection-Metrics","Most popular metrics used to evaluate object detection algorithms.",false,1001.1,5,3293,62,771,120,20,2,"metrics, object-detection, average-precision, mean-average-precision, bounding-boxes, precision-recall, pascal-voc",4,1,51,1.81,3.46,2.78,0.71,1.36,2.6,3.12,3.18,3.46,3.56,,3.29,0,0,0,0,0,0,0,0,0,0,0,0,0,0,0,0,6,83,238,314,385,462,544,626,687,776,900,1036,1158,1312,1413,1556,1659,1749,1851,1941,2023,2136,2275,2405,2519,2622,2707,2813,2912,3002,3102,3208,3288
"ceccocats/tkDNN","Deep neural network library and toolkit to do high performace inference on NVIDIA jetson platforms",false,1330.9,8.2,474,33,134,186,14,3,"",7,4,14,0.5,6.59,2.78,0.57,1.07,0.95,1.05,1.08,1.28,,,0.71,0,0,0,0,0,0,0,0,0,0,0,0,0,0,0,0,0,0,0,0,0,0,0,0,0,0,0,1,2,2,2,3,3,3,4,4,4,5,6,38,140,221,275,317,343,377,409,443,474
"KhronosGroup/OpenCL-Headers","Khronos OpenCL-Headers",false,1899.1,0.7,425,77,173,58,98,2,"opencl",48,31,13,0.46,6.82,2.78,0.29,0.21,0.1,0.2,0.22,0.24,0.23,0.23,0.23,70,77,86,91,94,99,104,110,111,118,124,133,139,146,150,161,177,184,197,203,208,216,223,237,254,269,279,283,288,295,300,307,309,315,325,330,335,342,348,361,369,374,385,389,400,406,417,421,425
"cmdbug/YOLOv5_NCNN","üçÖ Deploy NCNN on mobile phones. Support Android and iOS.",false,224.7,15.3,477,17,110,39,0,0,"yolo, yolov5, ios, android, ncnn, detection, object-detection, yolov4, yolov3, mobilenet, simple-pose, yolact, chineseocr-lite, enet, landmark106, dbface, mobilenetv3, nanodet, yolofastest",1,1,14,0.5,6.55,2.77,0.29,0.93,1.25,1.96,1.93,,,,2.13,0,0,0,0,0,0,0,0,0,0,0,0,0,0,0,0,0,0,0,0,0,0,0,0,0,0,0,0,0,0,0,0,0,0,0,0,0,0,0,0,0,75,121,197,250,293,371,435,474